match_id,competition,period,event_index,team,opponent,player,minute,second,x,y,is_goal,true_xg,statsbomb_xg,body_part,shot_type,technique,play_pattern,under_pressure,is_first_time,assisted,n_defenders_in_cone,n_defenders_within_3m,distance_to_nearest_defender,gk_distance_to_goal,gk_distance_to_shot
1,FIFA World Cup 2018,2,0,Team C,Team S,Player 178,82,53,106.69557724655097,39.81518726745282,0,0.1916107872111987,,Right Foot,Open Play,Normal,Regular Play,False,False,False,1.0,1.0,4.30837902827349,2.2781651637456872,10.006146834932979
1,FIFA World Cup 2018,2,1,Team S,Team C,Player 252,74,42,102.49888467227316,44.54005872755587,0,0.1062413938156212,,Left Foot,Open Play,Normal,From Corner,False,False,True,1.0,0.0,1.1204249051150128,3.2807113453896415,15.91457839585114
1,FIFA World Cup 2018,1,2,Team C,Team S,Player 230,29,38,105.68592798153547,42.40557456401914,0,0.10534968862079837,,Left Foot,Open Play,Normal,Regular Play,True,True,False,3.0,1.0,6.212396000682213,3.661934025509777,8.328562271018486
1,FIFA World Cup 2018,2,3,Team S,Team C,Player 308,53,43,99.3695111433823,34.91413028068976,0,0.07049463097262954,,Right Foot,Open Play,Normal,Regular Play,False,True,True,1.0,3.0,1.8176916166036576,1.7056888707200186,18.997863013028642
1,FIFA World Cup 2018,1,4,Team S,Team C,Player 106,44,46,107.75537169629294,44.911842936329386,0,0.19064631196282106,,Right Foot,Open Play,Normal,Regular Play,True,False,True,0.0,0.0,0.9551842971701334,1.413425133567927,11.212402070090908
1,FIFA World Cup 2018,2,5,Team C,Team S,Player 76,68,19,109.60117855221266,36.27063616509381,0,0.1444275019617486,,Right Foot,Open Play,Normal,Regular Play,True,False,True,3.0,1.0,1.9269089160819162,2.7151307619475795,8.662200690319725
1,FIFA World Cup 2018,1,6,Team S,Team C,Player 218,13,31,115.65786924290411,29.807664644539226,0,0.1709861111488132,,Left Foot,Open Play,Normal,Regular Play,False,True,False,2.0,1.0,3.1653352437098405,0.1,11.380276482503069
1,FIFA World Cup 2018,1,7,Team S,Team C,Player 385,42,19,95.72457860967313,38.25501679257443,0,0.04547721160257369,,Left Foot,Open Play,Normal,Regular Play,False,True,False,2.0,1.0,0.9875596269588561,5.0541636789221975,18.05181395013368
1,FIFA World Cup 2018,2,8,Team C,Team S,Player 13,91,7,109.2052364656236,32.797335350276704,0,0.09058345705548593,,Right Foot,Open Play,Normal,Regular Play,False,False,False,4.0,2.0,3.1972184089977236,2.719881324666287,8.420521809115957
1,FIFA World Cup 2018,2,9,Team C,Team S,Player 306,79,34,110.96141161425389,27.82249749752163,0,0.1471973352521462,,Right Foot,Open Play,Normal,From Corner,False,False,True,0.0,0.0,2.5009149362329213,0.1,14.99226602014256
1,FIFA World Cup 2018,1,10,Team C,Team S,Player 3,19,57,97.77986870606803,40.336946418538595,0,0.03169157488430098,,Right Foot,Open Play,Normal,From Throw In,True,False,True,3.0,0.0,2.7996350801656797,1.1987343133199602,21.15968623658817
1,FIFA World Cup 2018,2,11,Team C,Team S,Player 110,57,27,108.0,40.0,0,0.759510916949111,,Head,Penalty,Normal,Regular Play,False,True,True,2.0,1.0,1.5012775607488587,3.8486328769511733,8.009973291669992
1,FIFA World Cup 2018,1,12,Team S,Team C,Player 172,23,35,115.23299088925879,71.95573886164448,0,0.008424344714226518,,Right Foot,Open Play,Normal,From Counter,True,False,True,2.0,1.0,0.6261276102046944,2.180335011989254,30.477262465956592
1,FIFA World Cup 2018,2,13,Team S,Team C,Player 335,65,50,104.46707051559294,40.00092832400556,0,0.0945692166766913,,Head,Open Play,Normal,Regular Play,True,True,True,1.0,0.0,0.8449617963637195,2.8152990701765663,13.437845547058508
1,FIFA World Cup 2018,2,14,Team S,Team C,Player 202,86,21,111.59087807057985,40.57713478191868,1,0.41828890566452476,,Left Foot,Corner,Normal,Regular Play,False,False,False,1.0,1.0,1.7236211690553846,2.8935945804569316,8.126334357533057
1,FIFA World Cup 2018,1,15,Team S,Team C,Player 254,31,5,115.02084848356127,54.300490541688546,0,0.027431455308755893,,Head,Open Play,Normal,Regular Play,True,False,False,3.0,0.0,4.6178175203551675,3.4388204109011937,11.417725235170057
1,FIFA World Cup 2018,2,16,Team S,Team C,Player 291,69,45,117.1575168477723,27.107920881457026,0,0.08200437149025018,,Head,Open Play,Normal,From Counter,False,False,False,0.0,1.0,2.9439067388752673,3.2305137666693278,6.534272103411274
1,FIFA World Cup 2018,2,17,Team S,Team C,Player 71,76,33,101.82611912390152,56.2354395285886,0,0.025229103973607874,,Left Foot,Open Play,Normal,Regular Play,False,False,True,3.0,1.0,3.0971356298333514,1.2297567016259088,22.95237158007543
1,FIFA World Cup 2018,2,18,Team S,Team C,Player 5,89,18,98.71705812705403,54.618566494806885,0,0.02780818273687908,,Left Foot,Open Play,Normal,From Throw In,True,False,False,0.0,2.0,5.5907025231785115,0.9980233430726326,22.419937774397983
1,FIFA World Cup 2018,2,19,Team S,Team C,Player 363,88,2,107.37753998406066,45.05324348888273,0,0.18799910826067123,,Right Foot,Open Play,Normal,From Goal Kick,False,False,True,1.0,0.0,2.023527123585175,3.4846341705009025,9.521142069889073
1,FIFA World Cup 2018,1,20,Team C,Team S,Player 22,0,11,118.35480253184465,23.695960628128972,0,0.03200571051844502,,Head,Open Play,Normal,Regular Play,False,False,False,2.0,0.0,5.734426890237548,1.4951221314070455,14.000112744018944
1,FIFA World Cup 2018,1,21,Team C,Team S,Player 216,25,18,85.27162608959375,44.321102150859105,0,0.01379103939167247,,Left Foot,Open Play,Normal,Regular Play,False,False,True,0.0,2.0,3.1952878691804334,2.8943944027389774,32.644657857958
1,FIFA World Cup 2018,2,22,Team C,Team S,Player 336,55,13,110.57884600175588,44.217148245007174,1,0.4295134412086547,,Left Foot,Open Play,Normal,Regular Play,False,True,True,0.0,0.0,1.1143352851687605,2.4689645824553725,8.323839508399239
1,FIFA World Cup 2018,2,23,Team S,Team C,Player 52,56,55,111.50119337829072,61.309542786724684,0,0.03611672112867132,,Right Foot,Open Play,Normal,From Counter,False,False,False,2.0,1.0,2.344809268010852,2.76769569115033,22.323929131562416
1,FIFA World Cup 2018,2,24,Team S,Team C,Player 282,48,51,113.55600931958203,30.633090918956555,0,0.18623784925177816,,Left Foot,Open Play,Normal,Regular Play,True,False,True,0.0,0.0,1.8187223764488634,0.30231269894185164,10.563709023730812
2,UEFA Euro 2020,2,25,Team J,Team I,Player 132,57,4,71.17995390421041,33.84470485345562,0,0.001217091166821488,,Left Foot,Open Play,Normal,From Corner,True,False,True,2.0,3.0,1.0685589034680179,2.2703872159659277,49.04189483386252
2,UEFA Euro 2020,2,26,Team I,Team J,Player 297,72,32,87.9911157303394,29.647656944825457,0,0.005983983232478179,,Head,Open Play,Normal,Regular Play,True,True,True,2.0,2.0,2.0241596438387446,2.308978154343927,31.637443046182526
2,UEFA Euro 2020,1,27,Team I,Team J,Player 168,32,18,102.2228116308988,62.385806330041746,0,0.014279636117295129,,Left Foot,Open Play,Normal,From Throw In,False,False,True,2.0,3.0,4.367772739077639,2.3084220310935795,25.298087529687567
2,UEFA Euro 2020,2,28,Team J,Team I,Player 328,57,44,105.38766806479671,42.088277321211876,0,0.099854952515724,,Other,Open Play,Normal,From Counter,False,False,False,4.0,1.0,1.1234122824445214,4.433339378199545,8.493896785735577
2,UEFA Euro 2020,2,29,Team I,Team J,Player 148,71,6,117.41815967375481,35.340327328930776,1,0.5525408070029068,,Left Foot,Open Play,Normal,From Goal Kick,False,False,True,1.0,1.0,3.4543856007898146,3.0377192367234445,0.2
2,UEFA Euro 2020,2,30,Team I,Team J,Player 210,64,20,103.45574411999283,25.891018847134262,0,0.025298357491934226,,Head,Open Play,Normal,Regular Play,True,False,False,0.0,2.0,1.4958785480163945,4.1351711677640095,16.047356841480763
2,UEFA Euro 2020,2,31,Team I,Team J,Player 88,81,29,118.21947333334958,36.85154755175264,0,0.7014325708803524,,Head,Open Play,Normal,Regular Play,True,False,False,2.0,0.0,2.085973110229861,0.4231940733913384,3.4404388468932
2,UEFA Euro 2020,1,32,Team J,Team I,Player 393,12,44,115.26604727142754,43.513402901703515,1,0.58961520596585,,Right Foot,Open Play,Normal,From Counter,True,False,False,1.0,0.0,2.1889568161108564,0.5612099928151864,6.057168742958669
2,UEFA Euro 2020,2,33,Team J,Team I,Player 312,56,30,113.16630100988804,49.193886859457706,0,0.08749907077964929,,Right Foot,Open Play,Normal,From Free Kick,True,False,False,2.0,4.0,1.570107585347847,4.298049328356078,6.469125212692423
2,UEFA Euro 2020,1,34,Team I,Team J,Player 196,41,23,118.88975450406339,31.393420326424096,0,0.19353977743629575,,Right Foot,Open Play,Normal,Regular Play,False,False,True,0.0,0.0,2.2319005003786088,1.3288494206621142,5.983183086815786
2,UEFA Euro 2020,1,35,Team J,Team I,Player 193,39,2,100.50781981831652,39.86706884132906,0,0.05450975664216174,,Left Foot,Open Play,Normal,Regular Play,True,False,False,2.0,0.0,0.5389744583923075,4.253414640064395,15.66309928719002
2,UEFA Euro 2020,1,36,Team J,Team I,Player 358,44,46,107.34175771206364,37.935619099787026,0,0.13201084951411704,,Head,Open Play,Normal,Regular Play,True,True,True,1.0,1.0,0.327692853032393,3.617005871620635,11.904859249154285
2,UEFA Euro 2020,2,37,Team I,Team J,Player 264,82,43,110.3350212587115,62.536312159496156,0,0.03139857895827855,,Other,Open Play,Normal,Regular Play,False,False,False,1.0,1.0,3.684152826008216,0.3596666443429801,24.28712667580171
2,UEFA Euro 2020,2,38,Team I,Team J,Player 166,67,32,91.35050198896981,54.856876330479224,0,0.023897218578557353,,Right Foot,Open Play,Normal,Regular Play,False,True,True,1.0,0.0,7.323424161023226,2.5137345269097593,30.13204333644842
2,UEFA Euro 2020,2,39,Team J,Team I,Player 287,59,59,113.35961417154114,45.62343996002288,0,0.273663007060974,,Left Foot,Open Play,Normal,From Free Kick,True,False,True,1.0,1.0,3.01323104292451,4.044797333926079,6.306769749772534
2,UEFA Euro 2020,1,40,Team J,Team I,Player 352,40,44,109.57427805121125,42.78173296466889,0,0.31709230521685144,,Right Foot,Open Play,Normal,Regular Play,False,False,False,0.0,1.0,6.016030003569435,2.881827385209494,6.165498954660979
2,UEFA Euro 2020,2,41,Team I,Team J,Player 251,84,23,108.88144893450719,10.598821235867682,0,0.012970037480997417,,Left Foot,Open Play,Normal,From Counter,True,False,False,1.0,1.0,1.7773024045471169,2.54269177238155,31.521131113778342
2,UEFA Euro 2020,1,42,Team I,Team J,Player 189,30,45,98.62780423674087,50.65897657303444,0,0.02569548422063589,,Head,Open Play,Normal,Regular Play,True,False,True,0.0,0.0,3.188774026754859,3.2998872023314405,19.109808247157538
2,UEFA Euro 2020,2,43,Team I,Team J,Player 245,84,58,98.889072096043,35.52361876350185,0,0.04154943133216109,,Left Foot,Open Play,Normal,Regular Play,True,False,False,2.0,0.0,1.9563111111270126,2.4664210521637386,19.452216803757732
2,UEFA Euro 2020,2,44,Team J,Team I,Player 241,91,56,105.11577983424124,35.255266179365385,0,0.11206021631717857,,Right Foot,Open Play,Normal,From Free Kick,False,False,True,1.0,3.0,0.5128688029655891,2.62306382047152,12.777952477266835
3,FIFA World Cup 2022,1,45,Team J,Team C,Player 132,9,31,115.13446873357117,44.3673663001704,0,0.5581737929716735,,Right Foot,Open Play,Normal,Regular Play,False,False,False,0.0,1.0,0.3175622282425643,1.4595936924118884,5.257385729799521
3,FIFA World Cup 2022,2,46,Team C,Team J,Player 29,47,27,103.8084353088683,40.83284616752517,0,0.14043321209452966,,Right Foot,Open Play,Normal,From Throw In,False,False,True,1.0,0.0,4.478796496967789,2.7539316793540602,14.788629373023559
3,FIFA World Cup 2022,1,47,Team J,Team C,Player 85,38,55,104.63311293300976,44.211743100235545,0,0.1324860937904765,,Left Foot,Open Play,Normal,Regular Play,True,False,True,0.0,0.0,1.5632794420001705,2.4976961761883847,14.047970299552526
3,FIFA World Cup 2022,1,48,Team J,Team C,Player 222,42,10,108.18017495310731,37.185847215250945,0,0.18946245322032074,,Right Foot,Open Play,Normal,Regular Play,True,True,False,2.0,1.0,1.6646065682688191,3.0325752512597255,9.812694272148045
3,FIFA World Cup 2022,2,49,Team C,Team J,Player 186,65,26,101.34439028321927,43.641441704958154,0,0.051547401247455917,,Left Foot,Open Play,Normal,From Goal Kick,False,False,True,3.0,2.0,2.577744977162394,2.4288608247688814,15.48488805025266
3,FIFA World Cup 2022,1,50,Team C,Team J,Player 296,12,12,100.89003894593824,48.318729799927866,0,0.05396409007166419,,Right Foot,Open Play,Normal,Regular Play,True,False,False,1.0,0.0,1.8725504437350395,3.243642358578975,18.108240565349067
3,FIFA World Cup 2022,2,51,Team J,Team C,Player 131,52,19,110.82389250116432,40.39665919477575,0,0.44715433201543797,,Left Foot,Open Play,Normal,Regular Play,False,False,False,0.0,0.0,2.3308171709192598,1.8306743848126916,8.562520342832228
3,FIFA World Cup 2022,2,52,Team J,Team C,Player 115,52,13,106.93879855416876,30.54873379566873,0,0.05002569730613495,,Head,Open Play,Normal,From Throw In,False,False,False,3.0,0.0,2.6147704250164954,2.6420174960658454,14.147151259559463
3,FIFA World Cup 2022,2,53,Team J,Team C,Player 375,78,8,112.73661516933295,28.20841192480759,1,0.08602590640045257,,Left Foot,Free Kick,Normal,From Free Kick,True,False,True,2.0,0.0,5.6213817686354774,1.7960978979149194,14.205978971371525
3,FIFA World Cup 2022,2,54,Team J,Team C,Player 130,75,47,106.85963367369794,24.62079374221264,0,0.013517448291686943,,Head,Open Play,Normal,Regular Play,False,False,True,5.0,2.0,5.029825660995156,3.2180164564898592,17.789900252047588
3,FIFA World Cup 2022,2,55,Team J,Team C,Player 340,79,46,92.21801692261108,56.36138118654449,0,0.016981881444417236,,Head,Open Play,Normal,Regular Play,False,True,False,0.0,0.0,3.0291831416969592,3.0403807336525754,29.206077606822237
3,FIFA World Cup 2022,1,56,Team C,Team J,Player 304,3,5,84.35837567355503,37.31714278804928,0,0.004323381155651253,,Head,Open Play,Normal,From Free Kick,False,False,True,2.0,3.0,0.2,1.8481950027326635,33.916052072256605
3,FIFA World Cup 2022,1,57,Team C,Team J,Player 186,16,1,96.22567840047994,50.58923329735525,0,0.023566776515975156,,Right Foot,Open Play,Normal,From Corner,False,False,False,3.0,1.0,0.5317354426130176,1.466989985771716,28.245099148211906
3,FIFA World Cup 2022,1,58,Team J,Team C,Player 311,4,10,118.1475984722264,29.02362818431572,0,0.11780896908888162,,Left Foot,Open Play,Normal,From Free Kick,False,False,True,1.0,1.0,3.6742403275050775,0.8483350011064625,9.808950973550962
3,FIFA World Cup 2022,2,59,Team J,Team C,Player 138,85,21,96.53973524066475,48.25133993350639,0,0.04890822978575289,,Right Foot,Open Play,Normal,From Counter,True,False,True,0.0,0.0,1.5602866810182536,2.3771239520666843,21.516060217942325
3,FIFA World Cup 2022,1,60,Team C,Team J,Player 35,5,34,105.028144978447,34.620147850691836,0,0.06504544444576665,,Head,Open Play,Normal,From Throw In,True,True,True,1.0,3.0,4.052758187209533,3.128741145031205,13.87342357857698
3,FIFA World Cup 2022,2,61,Team J,Team C,Player 321,77,55,115.35570085506734,40.95156096113608,0,0.7484627055632929,,Right Foot,Open Play,Normal,From Counter,True,False,True,0.0,1.0,6.890649537978036,3.753847374945313,1.0889112776319263
3,FIFA World Cup 2022,1,62,Team J,Team C,Player 213,37,15,97.089623864361,31.233979117736407,0,0.050274805508626,,Left Foot,Open Play,Normal,From Counter,True,False,True,0.0,0.0,4.645657860853856,3.4549336116930798,20.404483933315113
3,FIFA World Cup 2022,2,63,Team J,Team C,Player 227,79,47,101.12744252013884,56.906622193094094,1,0.023319570602937375,,Head,Free Kick,Normal,Regular Play,False,False,True,0.0,2.0,5.223844567827024,0.1,26.431620951333635
3,FIFA World Cup 2022,1,64,Team J,Team C,Player 364,31,25,79.95994416898169,41.86677199657093,0,0.0030115882616785395,,Right Foot,Free Kick,Normal,From Corner,False,False,False,5.0,0.0,3.628956766464155,2.198676894355705,34.163809442989304
3,FIFA World Cup 2022,1,65,Team J,Team C,Player 384,35,31,115.61852759507534,32.57374652642193,0,0.35742511109769637,,Right Foot,Open Play,Normal,Regular Play,False,True,True,1.0,0.0,1.4594896993355886,0.6245387855921807,8.341060290031688
3,FIFA World Cup 2022,1,66,Team J,Team C,Player 218,20,18,100.01196483725944,28.177573848005146,0,0.017458122602518347,,Head,Open Play,Normal,Regular Play,False,False,True,3.0,1.0,1.5049498911194112,5.271813306508093,18.44109838448393
3,FIFA World Cup 2022,2,67,Team J,Team C,Player 80,86,5,102.15697927536024,43.878899243088895,0,0.06347907748713162,,Head,Open Play,Normal,Regular Play,False,False,False,1.0,0.0,0.3934991179657507,2.0443761698289267,16.78081680843088
3,FIFA World Cup 2022,2,68,Team J,Team C,Player 78,83,55,103.9044479399322,39.73272877852103,0,0.10874394072189962,,Left Foot,Open Play,Normal,Regular Play,False,False,False,2.0,1.0,2.5077321585057972,1.1961185684912916,15.406253804002658
3,FIFA World Cup 2022,2,69,Team J,Team C,Player 264,58,37,103.28161335105548,60.48549317534368,0,0.03803226734134478,,Right Foot,Open Play,Normal,Regular Play,False,False,True,0.0,0.0,1.5527505637150854,3.33360473395409,23.491887162202083
3,FIFA World Cup 2022,1,70,Team J,Team C,Player 329,19,6,75.33975917892116,53.87031055919283,0,0.0012160957849798452,,Right Foot,Open Play,Normal,Regular Play,True,False,False,3.0,3.0,4.425582367895805,3.394598687829979,42.963553648075845
3,FIFA World Cup 2022,2,71,Team J,Team C,Player 78,47,51,108.59276387576712,7.488192932204228,0,0.008192927711851834,,Left Foot,Open Play,Normal,Regular Play,False,True,False,2.0,4.0,3.3815756784597597,2.025707025995834,34.63000114093291
3,FIFA World Cup 2022,2,72,Team J,Team C,Player 225,60,6,104.40875083265571,32.02927843330503,0,0.10149332474074894,,Right Foot,Open Play,Normal,Regular Play,False,False,False,1.0,1.0,5.014593810526714,0.1,17.124411924763926
3,FIFA World Cup 2022,2,73,Team C,Team J,Player 96,91,46,85.5379980268679,46.19644380868067,0,0.009583809330149106,,Head,Open Play,Normal,From Corner,False,True,True,1.0,1.0,2.2925718309244023,1.213958407765907,33.27026635608953
3,FIFA World Cup 2022,2,74,Team J,Team C,Player 216,71,45,115.62518154528796,33.12936250963303,1,0.31251188742034963,,Right Foot,Open Play,Normal,Regular Play,False,False,True,1.0,0.0,2.4582440074217065,3.574726291977215,1.5742990207408871
3,FIFA World Cup 2022,2,75,Team C,Team J,Player 257,89,50,110.45592388822286,26.051846914716034,0,0.1127020898226696,,Left Foot,Open Play,Normal,From Throw In,False,False,True,0.0,0.0,0.2109630284282382,3.1664322742102904,14.198553380166263
3,FIFA World Cup 2022,1,76,Team J,Team C,Player 2,10,40,99.92271847089715,29.76708844002944,0,0.014877866749675395,,Head,Open Play,Normal,From Throw In,True,False,True,3.0,1.0,0.4924651294590301,1.801934380957304,20.18449485242877
4,UEFA Euro 2024,2,77,Team P,Team E,Player 270,77,0,111.02586167030844,31.017673817988676,0,0.08529718841224318,,Head,Open Play,Normal,Regular Play,True,False,True,1.0,0.0,1.957969276635535,2.4844734782756945,8.032266744188231
4,UEFA Euro 2024,2,78,Team E,Team P,Player 54,54,58,104.53011958282308,38.31671536173165,0,0.08818709409928188,,Head,Corner,Normal,Regular Play,True,False,True,0.0,0.0,1.6030552902091602,0.8080363562993491,14.492397513805638
4,UEFA Euro 2024,1,79,Team P,Team E,Player 372,39,13,105.62198429460537,28.256468540506255,0,0.08640724806587573,,Left Foot,Open Play,Normal,Regular Play,False,True,True,1.0,3.0,1.9062719446108642,2.5943184473380447,14.952999022480173
4,UEFA Euro 2024,2,80,Team P,Team E,Player 49,81,46,113.44299437893923,40.51213220660647,1,0.6357264959096002,,Left Foot,Open Play,Normal,Regular Play,False,False,False,0.0,0.0,4.873860229940528,1.5030761420735972,5.292806448227382
4,UEFA Euro 2024,2,81,Team P,Team E,Player 101,90,31,97.00105584509136,37.758399527629976,0,0.061416616101474635,,Left Foot,Open Play,Normal,From Free Kick,False,True,True,1.0,2.0,1.2901727520114104,4.027459322505596,19.884911285167725
4,UEFA Euro 2024,1,82,Team E,Team P,Player 192,18,53,117.74530837233526,41.414837517403924,0,0.9371123074514385,,Other,Open Play,Normal,Regular Play,False,False,False,0.0,0.0,2.336948820365929,1.6615834768182043,0.8662772999261721
4,UEFA Euro 2024,1,83,Team E,Team P,Player 144,28,44,117.30021581519723,44.00977541792083,1,0.48829915525137657,,Head,Open Play,Normal,Regular Play,True,False,False,1.0,0.0,1.4893520515062555,2.3303253974274374,3.813215806472944
4,UEFA Euro 2024,1,84,Team E,Team P,Player 24,24,20,112.00368240189943,44.51233217247506,0,0.2852558371440449,,Left Foot,Free Kick,Normal,Regular Play,True,True,False,2.0,1.0,1.605997573405077,3.7299060317504793,5.205788670495329
4,UEFA Euro 2024,2,85,Team E,Team P,Player 164,55,52,114.82101452042126,33.579516075132005,0,0.3771654023653917,,Right Foot,Open Play,Normal,Regular Play,True,True,True,0.0,1.0,2.514225095053168,1.8648732319601282,6.493949027040913
4,UEFA Euro 2024,2,86,Team P,Team E,Player 301,61,12,116.69559276486112,50.060864593855314,0,0.23287936286689995,,Left Foot,Open Play,Normal,Regular Play,False,True,True,0.0,1.0,3.7689073827694552,1.8076043543469598,9.252746621941329
4,UEFA Euro 2024,2,87,Team P,Team E,Player 338,66,49,112.81207117378429,52.09110711102594,0,0.09968899835899557,,Left Foot,Free Kick,Normal,From Counter,False,False,True,3.0,1.0,0.7527557141734709,1.398695755098983,16.881971786580316
4,UEFA Euro 2024,2,88,Team P,Team E,Player 235,52,10,116.11769550119074,52.31450748883208,0,0.08164466348119706,,Head,Open Play,Normal,Regular Play,False,False,False,0.0,1.0,0.9690325581224725,3.955460430067787,10.620280304587558
4,UEFA Euro 2024,1,89,Team P,Team E,Player 377,20,30,107.93672893328134,36.69158956668591,0,0.304028694185662,,Left Foot,Open Play,Normal,Regular Play,False,True,False,0.0,1.0,1.8252302540245946,2.61082484590535,7.016521760346208
4,UEFA Euro 2024,2,90,Team P,Team E,Player 180,72,59,118.25865840512444,43.01184229855871,0,0.863839262600111,,Right Foot,Open Play,Normal,Regular Play,False,False,False,1.0,2.0,3.70293785706672,3.3085532724013094,1.4612446786497564
4,UEFA Euro 2024,2,91,Team E,Team P,Player 393,86,33,107.34965108810532,44.560779135293735,0,0.19394712907331574,,Left Foot,Open Play,Normal,Regular Play,False,False,False,1.0,0.0,4.309749440540161,0.9276439002814729,9.463143525855834
4,UEFA Euro 2024,1,92,Team P,Team E,Player 219,2,10,112.71878451907484,36.70728301473106,1,0.5490917224720001,,Right Foot,Open Play,Normal,Regular Play,False,True,False,0.0,1.0,0.87074777620233,3.72891860780923,4.697034935128272
4,UEFA Euro 2024,2,93,Team E,Team P,Player 217,86,38,105.65210489501308,33.820128021218515,0,0.17010321034598394,,Left Foot,Open Play,Normal,From Counter,False,False,True,1.0,0.0,3.9039198938835864,1.9518280231136031,13.822536042481822
4,UEFA Euro 2024,2,94,Team P,Team E,Player 122,58,55,117.12078503102852,51.269639429693584,1,0.15647868229017778,,Left Foot,Open Play,Normal,From Counter,True,True,True,1.0,0.0,0.8790883556788568,3.7855654467155384,8.750462887188577
4,UEFA Euro 2024,2,95,Team E,Team P,Player 289,91,30,106.51075416548942,44.7900416955316,0,0.08654891964534223,,Head,Open Play,Normal,From Counter,True,False,False,1.0,1.0,0.5599618994897381,3.7322868955847435,7.69993333811707
4,UEFA Euro 2024,1,96,Team E,Team P,Player 217,29,9,114.84384000604834,48.05670590739122,0,0.22929484135035105,,Right Foot,Corner,Normal,Regular Play,False,False,True,1.0,1.0,1.1636810971287266,2.6137922316764506,5.109714516356034
5,FIFA World Cup 2018,1,97,Team C,Team K,Player 84,32,26,80.01004592505024,42.69908109894865,0,0.004946811293700339,,Right Foot,Open Play,Normal,From Free Kick,False,False,True,2.0,2.0,1.932044967056444,3.082112642196535,37.35640635741462
5,FIFA World Cup 2018,1,98,Team C,Team K,Player 295,39,6,110.39163005335118,58.662453512679356,0,0.04268198015500484,,Right Foot,Open Play,Normal,From Corner,True,True,True,1.0,2.0,1.1815514271061835,2.7380573927517275,17.101780265640183
5,FIFA World Cup 2018,2,99,Team K,Team C,Player 42,75,50,108.0,40.0,1,0.759510916949111,,Right Foot,Penalty,Normal,From Counter,False,True,False,3.0,1.0,2.818775650375184,3.8472139054764862,8.011494231497263
5,FIFA World Cup 2018,1,100,Team C,Team K,Player 283,31,18,84.25186443675184,39.88784272812449,0,0.004249905724107477,,Head,Open Play,Normal,Regular Play,False,True,True,4.0,2.0,0.2,1.9263003306954105,35.78438108523269
5,FIFA World Cup 2018,1,101,Team K,Team C,Player 381,2,14,100.0762148590533,50.96210372948244,0,0.03312225498676689,,Left Foot,Open Play,Normal,Regular Play,True,False,False,1.0,2.0,2.5230738352117297,3.4202407519948728,17.48308318032671
5,FIFA World Cup 2018,2,102,Team C,Team K,Player 134,71,16,101.91662908948851,20.08765346804502,0,0.021489487351832696,,Left Foot,Open Play,Normal,From Corner,False,False,True,2.0,1.0,3.429938646263042,2.0894165311215436,22.698350592783008
5,FIFA World Cup 2018,1,103,Team C,Team K,Player 68,3,26,116.07930183082951,40.59127819289552,0,0.7447160348171008,,Right Foot,Open Play,Normal,Regular Play,True,True,True,3.0,0.0,1.3706841216384196,2.7341247677714655,2.175013906459217
5,FIFA World Cup 2018,2,104,Team K,Team C,Player 20,73,52,98.37374522050695,20.110415484421793,0,0.00819592032194369,,Other,Open Play,Normal,From Corner,True,False,True,4.0,1.0,3.350297377928609,2.7382943448178203,27.37758661348206
5,FIFA World Cup 2018,1,105,Team K,Team C,Player 370,25,31,99.63163281217776,40.48638703190201,0,0.08458617170904871,,Right Foot,Free Kick,Normal,Regular Play,False,True,True,2.0,0.0,9.62251287992755,2.8889070667840566,16.28705802287024
5,FIFA World Cup 2018,1,106,Team C,Team K,Player 104,16,19,92.89815611118757,36.34614617177094,0,0.049905304897385594,,Right Foot,Open Play,Normal,From Counter,False,True,False,1.0,1.0,3.92085216878142,1.2093132566283815,26.474172579999376
5,FIFA World Cup 2018,2,107,Team K,Team C,Player 220,56,53,113.34631140580846,29.616511228057973,1,0.19983114151317702,,Other,Open Play,Normal,Regular Play,False,False,False,0.0,0.0,1.3874472167215932,1.2069001028755448,10.676033324676347
5,FIFA World Cup 2018,1,108,Team C,Team K,Player 217,24,15,102.77608355879863,35.892501694937295,0,0.08303565177957166,,Right Foot,Open Play,Normal,From Corner,True,False,False,1.0,0.0,8.181592414861424,3.3713180337356015,12.938986764914297
5,FIFA World Cup 2018,1,109,Team C,Team K,Player 13,37,7,109.39851076919622,37.63335917651758,0,0.18024449182932276,,Right Foot,Open Play,Normal,Regular Play,False,False,False,4.0,0.0,4.073253379857542,4.050023758790408,9.479895757533164
5,FIFA World Cup 2018,2,110,Team C,Team K,Player 198,72,53,112.76745372203743,41.01947390631904,1,0.4580725177144753,,Left Foot,Open Play,Normal,From Corner,False,False,True,1.0,2.0,0.8773685062245848,4.399395336128,1.5194285801327696
5,FIFA World Cup 2018,2,111,Team C,Team K,Player 349,73,26,110.37851876881004,31.134070302850226,0,0.21389160757977269,,Left Foot,Open Play,Normal,Regular Play,True,True,False,0.0,0.0,5.1378790727402075,2.398576142186232,11.697627022103006
5,FIFA World Cup 2018,1,112,Team K,Team C,Player 159,31,59,105.54145761962161,46.06016818982894,0,0.12007145161302224,,Other,Open Play,Normal,Regular Play,True,True,True,1.0,2.0,3.1696755193260717,3.2575296761458916,13.782275783174935
5,FIFA World Cup 2018,1,113,Team K,Team C,Player 1,20,3,112.10187452060796,53.587721271412995,0,0.0619771263810989,,Right Foot,Open Play,Normal,From Free Kick,True,False,False,2.0,0.0,3.2373080360914113,3.943240967843375,11.133293757946245
5,FIFA World Cup 2018,2,114,Team C,Team K,Player 367,82,41,111.83793239324646,34.60755634957347,0,0.19219483110364596,,Head,Open Play,Normal,Regular Play,False,False,False,1.0,1.0,4.16835351266336,4.142541558284275,5.723892505995025
5,FIFA World Cup 2018,1,115,Team C,Team K,Player 134,25,44,75.2411484390001,44.61411382138573,0,0.0017706696885930056,,Right Foot,Open Play,Normal,Regular Play,True,False,True,3.0,2.0,2.2731241689757917,2.6015935368793164,46.545613899416175
5,FIFA World Cup 2018,1,116,Team K,Team C,Player 363,6,58,109.47756866188327,37.92555253693389,0,0.2070874435974766,,Left Foot,Open Play,Normal,From Goal Kick,True,True,True,2.0,3.0,2.6152359377305245,3.951117482110453,9.130852141371589
5,FIFA World Cup 2018,1,117,Team K,Team C,Player 268,40,45,68.63214947960853,52.313368781982184,0,0.0007082621243271531,,Left Foot,Open Play,Normal,Regular Play,False,True,True,4.0,6.0,3.8008703924614955,0.569431948876034,53.25645586073271
5,FIFA World Cup 2018,2,118,Team K,Team C,Player 222,95,40,117.4438040597249,30.237897927836244,0,0.08568128692425855,,Left Foot,Open Play,Normal,Regular Play,True,False,False,2.0,2.0,1.0920914635432397,2.848879813440187,6.710461514719057
5,FIFA World Cup 2018,1,119,Team K,Team C,Player 394,8,14,117.57630722116772,52.2096660741627,0,0.08138310132977572,,Left Foot,Open Play,Normal,From Counter,True,False,False,2.0,0.0,2.5205615200023206,5.028261679933776,6.554366330092579
5,FIFA World Cup 2018,1,120,Team C,Team K,Player 251,10,40,114.84931551715549,37.33119047859698,1,0.5118378181079459,,Head,Open Play,Normal,Regular Play,False,False,True,0.0,2.0,0.9809498570342203,3.483211716471696,6.223270302032682
5,FIFA World Cup 2018,2,121,Team C,Team K,Player 397,91,12,112.02524932106752,45.952439220398446,0,0.23291015027235576,,Head,Open Play,Normal,Regular Play,False,False,True,0.0,0.0,0.7170384511585192,2.3144670896561093,5.85350310198179
5,FIFA World Cup 2018,1,122,Team K,Team C,Player 332,15,14,100.98762878456087,34.92871091361078,0,0.04341361182345253,,Right Foot,Open Play,Normal,From Throw In,False,False,False,3.0,3.0,2.1567100749889976,2.628526036011366,18.320511261517662
5,FIFA World Cup 2018,2,123,Team K,Team C,Player 100,50,30,99.0903282048169,48.42550997998856,0,0.04722259495607311,,Right Foot,Open Play,Normal,Regular Play,False,False,False,2.0,0.0,4.67240270487914,3.9612702249413636,19.961236666226654
5,FIFA World Cup 2018,2,124,Team C,Team K,Player 141,57,0,112.46259012029462,42.378251439549565,1,0.4288648389664308,,Other,Open Play,Normal,Regular Play,False,False,False,1.0,2.0,3.4599515414595197,0.3394255699189834,10.403857495066244
6,UEFA Euro 2020,1,125,Team N,Team K,Player 314,15,39,102.38656506304793,41.60066285869155,0,0.05448352436029034,,Left Foot,Open Play,Normal,Regular Play,True,False,True,3.0,1.0,2.2519567179502973,2.1257304252935203,18.59124653396192
6,UEFA Euro 2020,1,126,Team N,Team K,Player 235,33,29,111.32454085178536,44.27941349477139,1,0.17065103138510773,,Right Foot,Free Kick,Normal,Regular Play,True,False,False,3.0,2.0,3.221269547848611,3.063232791544929,10.019774022278591
6,UEFA Euro 2020,2,127,Team K,Team N,Player 364,85,55,104.15598361966508,29.398472940421726,0,0.034463346122835754,,Right Foot,Open Play,Normal,From Free Kick,True,False,False,2.0,4.0,8.8134641803446,3.355596910414119,13.295839410905591
6,UEFA Euro 2020,1,128,Team N,Team K,Player 49,37,28,96.11293908847205,55.52448684464383,0,0.016804118692284334,,Right Foot,Open Play,Normal,Regular Play,True,False,False,1.0,2.0,1.4043816954005846,0.271827517671801,27.198321778111225
6,UEFA Euro 2020,2,129,Team K,Team N,Player 374,78,52,112.98718557564095,56.91093307087583,0,0.05011674723510401,,Right Foot,Open Play,Normal,From Counter,True,False,True,1.0,2.0,2.3429670579965167,3.948910033973441,13.864630223449884
6,UEFA Euro 2020,2,130,Team K,Team N,Player 162,66,0,108.63071365802703,29.47479615832389,0,0.12816201570678568,,Left Foot,Open Play,Normal,From Throw In,True,True,False,1.0,0.0,2.6395574604094714,1.5078290735283117,13.954354676491693
6,UEFA Euro 2020,2,131,Team N,Team K,Player 23,53,31,103.41756908918194,32.299075673895224,0,0.13101174331352022,,Right Foot,Open Play,Normal,From Corner,False,True,True,1.0,0.0,3.818474637892282,1.9427435293654618,17.06841374945138
6,UEFA Euro 2020,2,132,Team N,Team K,Player 362,67,52,117.7844067634589,53.561501176399105,0,0.12414169117093364,,Left Foot,Open Play,Normal,Regular Play,False,True,True,1.0,0.0,0.3039114748660547,1.261561305806107,12.384753150341025
6,UEFA Euro 2020,2,133,Team K,Team N,Player 211,67,8,106.52687360238691,30.518194091552875,0,0.0500020648642051,,Right Foot,Open Play,Normal,Regular Play,True,False,True,3.0,2.0,2.2007886268466605,2.3303167950095465,14.246142476502705
6,UEFA Euro 2020,1,134,Team N,Team K,Player 243,11,3,106.23848312775614,20.919273533690852,0,0.030110906122107668,,Left Foot,Open Play,Normal,From Corner,False,False,True,1.0,4.0,1.6784312820449485,2.2178192240626773,24.99513797533805
6,UEFA Euro 2020,2,135,Team N,Team K,Player 301,57,17,117.79283713121714,52.761021313079056,0,0.09317251724250784,,Right Foot,Open Play,Normal,Regular Play,True,False,False,0.0,0.0,0.4598863190252638,3.794811567083336,7.359297607107264
6,UEFA Euro 2020,2,136,Team K,Team N,Player 152,65,25,113.04806910906433,34.131285217488326,0,0.28751448262552254,,Left Foot,Open Play,Normal,Regular Play,False,False,True,1.0,2.0,2.049686350152172,5.661688905298,4.270044622675638
6,UEFA Euro 2020,1,137,Team K,Team N,Player 166,42,24,112.8414612932522,51.72575392717448,0,0.07943995958477795,,Right Foot,Open Play,Normal,From Corner,True,False,True,1.0,3.0,3.779812592164793,2.1909745613082503,12.407263405813033
6,UEFA Euro 2020,1,138,Team K,Team N,Player 126,11,32,114.66453266440047,41.19572368094751,1,0.7219886769486099,,Left Foot,Open Play,Normal,Regular Play,True,True,True,0.0,0.0,1.6528427042667593,2.508648472451644,2.1562800626647602
6,UEFA Euro 2020,1,139,Team N,Team K,Player 171,31,59,117.05054917779525,47.43576741387616,1,0.16644772139916025,,Right Foot,Open Play,Normal,Regular Play,True,False,False,2.0,1.0,0.9567362253944652,2.370959506880723,6.459904049263905
6,UEFA Euro 2020,1,140,Team N,Team K,Player 49,36,40,95.2979001654553,48.049947337529765,0,0.02561194553541637,,Left Foot,Open Play,Normal,From Corner,True,False,False,1.0,1.0,2.8014765480417863,4.390451979322648,21.498695356709767
6,UEFA Euro 2020,1,141,Team K,Team N,Player 298,5,25,101.33389664211913,73.65484351896507,0,0.003916270956919214,,Left Foot,Open Play,Normal,From Counter,True,False,False,3.0,1.0,0.2,1.8553674471838983,35.38240084658776
6,UEFA Euro 2020,1,142,Team N,Team K,Player 370,31,32,94.65403155060584,43.33813590898337,0,0.038971587299047046,,Left Foot,Open Play,Normal,Regular Play,False,False,True,1.0,1.0,1.328243532060056,1.0475215266606537,25.985584861496925
6,UEFA Euro 2020,1,143,Team N,Team K,Player 385,30,32,116.56143905517727,34.09193311477276,1,0.3018434816639844,,Left Foot,Open Play,Normal,Regular Play,False,False,False,2.0,2.0,7.90801062553115,4.697145146507879,0.609072655542632
6,UEFA Euro 2020,1,144,Team K,Team N,Player 133,15,4,112.73717431827576,49.884108081568776,1,0.17462161135835483,,Left Foot,Open Play,Normal,From Counter,False,False,True,1.0,2.0,0.37517014066376075,2.0184940728162113,9.12098989767939
6,UEFA Euro 2020,2,145,Team K,Team N,Player 256,72,22,109.00241295496774,57.60052009451569,0,0.06412041537833367,,Right Foot,Open Play,Normal,From Corner,False,True,True,1.0,2.0,3.431175557326826,2.7212400486107966,20.959095971512493
6,UEFA Euro 2020,2,146,Team N,Team K,Player 11,75,46,107.6133630579825,55.5089683900253,0,0.041468819591889854,,Left Foot,Open Play,Normal,From Counter,True,True,False,3.0,3.0,1.3952273833608084,2.3923230761060577,19.773872066387565
6,UEFA Euro 2020,2,147,Team K,Team N,Player 39,59,52,90.34578339347361,57.44604214055853,0,0.016273749386731935,,Right Foot,Open Play,Normal,From Counter,False,True,False,2.0,1.0,4.149861092525202,3.998827236248194,31.438189513859722
7,FIFA World Cup 2022,2,148,Team A,Team V,Player 22,58,57,110.11304405525325,65.95749127762573,0,0.006316171244198826,,Left Foot,Open Play,Normal,From Free Kick,False,False,True,7.0,0.0,1.2090684724538083,2.515884007362004,26.364383422818648
7,FIFA World Cup 2022,2,149,Team V,Team A,Player 321,73,19,102.04666036119086,43.92841543898453,0,0.08492373260158358,,Right Foot,Open Play,Normal,From Throw In,True,True,False,2.0,0.0,1.5519358683881377,2.0517832033829837,17.054279677355844
7,FIFA World Cup 2022,1,150,Team V,Team A,Player 186,43,59,114.41596043895666,39.16651375894193,1,0.6682641563515775,,Left Foot,Open Play,Normal,From Throw In,False,False,True,0.0,2.0,2.6552750249506016,2.5049594591858395,3.525679422711867
7,FIFA World Cup 2022,1,151,Team A,Team V,Player 310,6,58,105.92660391833762,48.4776866030424,0,0.06911102769524467,,Head,Open Play,Normal,Regular Play,True,False,True,0.0,0.0,0.848279619185121,1.8731050822827722,13.850259121501155
7,FIFA World Cup 2022,2,152,Team A,Team V,Player 11,92,3,97.06097819062359,32.684321076022144,0,0.015441307645315308,,Right Foot,Open Play,Normal,Regular Play,True,False,False,4.0,2.0,2.414982642788911,2.658158112412984,19.478915839599097
7,FIFA World Cup 2022,1,153,Team V,Team A,Player 210,7,55,99.54383030018015,48.236952745807244,0,0.04940382764445417,,Right Foot,Open Play,Normal,Regular Play,False,False,False,2.0,0.0,3.490868036550397,2.9954696742668805,17.96757594861557
7,FIFA World Cup 2022,1,154,Team V,Team A,Player 116,40,41,112.60484480007821,27.625777093876298,0,0.12293846930182468,,Right Foot,Open Play,Normal,From Corner,False,False,True,1.0,0.0,2.825626344077407,2.946790672072366,12.722238296012016
7,FIFA World Cup 2022,1,155,Team A,Team V,Player 378,13,33,114.28127167690647,38.525700571096976,0,0.6117412855078449,,Left Foot,Open Play,Normal,Regular Play,True,False,True,0.0,0.0,3.4673975887937702,3.3119374621318305,1.6264822332970392
7,FIFA World Cup 2022,2,156,Team V,Team A,Player 2,88,4,115.65619396100224,47.574728710767765,1,0.20306680582443365,,Head,Open Play,Normal,From Free Kick,False,False,False,0.0,1.0,0.9653759133608816,1.645535000580444,7.933688718110706
7,FIFA World Cup 2022,2,157,Team A,Team V,Player 41,66,5,110.77120848508258,24.35743057245854,0,0.05603053663711757,,Right Foot,Open Play,Normal,From Corner,False,True,False,3.0,2.0,4.952996731787502,2.0885864165081958,16.79301344494151
7,FIFA World Cup 2022,1,158,Team A,Team V,Player 83,18,1,108.40481035198839,28.723028861114067,1,0.07079889563425751,,Right Foot,Open Play,Normal,Regular Play,False,False,True,3.0,1.0,1.4186014195416987,2.4247039792375897,14.673299173579464
7,FIFA World Cup 2022,2,159,Team A,Team V,Player 372,57,24,98.38760135625225,46.003731358349484,0,0.050265887486590714,,Left Foot,Open Play,Normal,Regular Play,True,False,True,0.0,1.0,3.3245528083165525,1.4874280257703323,18.91856587868929
7,FIFA World Cup 2022,2,160,Team A,Team V,Player 181,81,40,116.55631650322547,35.92592329372782,1,0.5555902491219407,,Right Foot,Open Play,Normal,Regular Play,True,False,True,1.0,0.0,6.627421182480909,2.9741713828380707,0.2
7,FIFA World Cup 2022,2,161,Team V,Team A,Player 234,76,41,110.53944531373415,35.850878377320214,0,0.2192866836799812,,Right Foot,Open Play,Normal,Regular Play,True,False,True,1.0,2.0,1.2345242599577393,0.8693473048923812,11.070946269805269
7,FIFA World Cup 2022,2,162,Team A,Team V,Player 351,62,8,111.75136518887015,33.58706727969526,0,0.09634941867233503,,Head,Open Play,Normal,Regular Play,False,False,True,3.0,3.0,0.9435541712238733,1.8925968799691992,9.527062325991263
7,FIFA World Cup 2022,2,163,Team A,Team V,Player 215,67,3,109.24693982890103,52.48802204818507,0,0.04655453315418557,,Right Foot,Corner,Normal,Regular Play,False,False,True,5.0,0.0,2.2712138880819333,2.0230199980846826,14.540942534933524
7,FIFA World Cup 2022,1,164,Team A,Team V,Player 360,28,59,117.342358851983,48.40525846051969,0,0.11135087591038294,,Head,Open Play,Normal,From Free Kick,True,False,True,0.0,1.0,2.4526901817048135,3.4908051439643915,4.116026062890898
7,FIFA World Cup 2022,1,165,Team A,Team V,Player 325,23,33,111.95338812840556,41.82173365255917,0,0.4873227557236114,,Right Foot,Open Play,Normal,From Counter,True,True,True,1.0,0.0,2.9251487647382004,2.193802989974255,3.7520416328317765
7,FIFA World Cup 2022,1,166,Team V,Team A,Player 326,0,26,101.4243622943939,29.384860027425386,0,0.04271892922797732,,Head,Open Play,Normal,Regular Play,False,False,False,0.0,1.0,1.5404361225377767,1.8869985291363813,17.89720218099777
7,FIFA World Cup 2022,1,167,Team V,Team A,Player 93,42,43,101.7074463794623,37.13748506380567,0,0.02758223945078622,,Head,Open Play,Normal,From Throw In,False,False,True,4.0,2.0,2.261175684159226,0.1,18.609284024257605
7,FIFA World Cup 2022,2,168,Team V,Team A,Player 238,72,22,97.3986806092061,53.51233805167823,0,0.014344204373415536,,Right Foot,Open Play,Normal,From Counter,False,False,True,4.0,5.0,1.3429455640127521,2.1590811935670606,27.060982850496835
7,FIFA World Cup 2022,2,169,Team V,Team A,Player 55,48,19,95.15580157001148,35.36528997889731,0,0.02327915330785416,,Left Foot,Open Play,Normal,Regular Play,True,False,True,2.0,1.0,1.0100996866335055,3.4266537728230055,21.998883334676496
7,FIFA World Cup 2022,2,170,Team V,Team A,Player 355,45,26,78.75949563535906,19.144162809393293,0,0.00038242004143408843,,Head,Open Play,Normal,From Counter,True,False,True,6.0,5.0,3.9244709655938137,2.6074107997165767,43.250822410791955
8,UEFA Euro 2024,2,171,Team G,Team H,Player 227,78,52,96.59529917553422,37.4540852254233,0,0.03964225520727735,,Left Foot,Open Play,Normal,Regular Play,False,False,False,2.0,1.0,0.9164824612589718,0.8273978175584491,21.77692929995196
8,UEFA Euro 2024,2,172,Team H,Team G,Player 207,84,36,108.0,40.0,1,0.759510916949111,,Right Foot,Penalty,Normal,Regular Play,True,False,True,1.0,0.0,0.4806786568665134,4.381847736476598,8.195237235401253
8,UEFA Euro 2024,2,173,Team G,Team H,Player 122,85,3,109.45078535862535,43.87123847900523,0,0.21391925692051253,,Right Foot,Open Play,Normal,From Goal Kick,False,True,True,3.0,2.0,6.604150811810553,1.5869623059421878,10.502804174747475
8,UEFA Euro 2024,2,174,Team H,Team G,Player 305,78,19,97.6339468055618,37.672987366114185,0,0.062415536439342306,,Right Foot,Open Play,Normal,From Free Kick,True,True,False,1.0,0.0,6.864672300846913,1.071587814197956,22.151103618482114
8,UEFA Euro 2024,1,175,Team H,Team G,Player 313,7,52,108.49844413425089,19.122709296483542,0,0.02689810798844322,,Head,Open Play,Normal,From Throw In,False,True,True,1.0,1.0,8.271233618432769,2.743848320072686,19.892501056319443
8,UEFA Euro 2024,1,176,Team G,Team H,Player 114,30,17,103.43586169279223,67.4201275330237,0,0.013302176664045066,,Right Foot,Open Play,Normal,Regular Play,False,True,True,3.0,0.0,0.44253811708372814,3.443820101598196,28.532703199197773
8,UEFA Euro 2024,1,177,Team H,Team G,Player 311,4,47,118.00346979719198,53.10752975600823,0,0.01969930722014587,,Right Foot,Open Play,Normal,Regular Play,True,False,True,6.0,3.0,2.1108108487437693,0.9511041557012581,11.912223571507624
8,UEFA Euro 2024,2,178,Team H,Team G,Player 344,92,52,86.26444646055334,32.87848773728221,0,0.007613054567186783,,Head,Open Play,Normal,From Counter,False,True,False,3.0,1.0,3.020373058359271,4.798521629887432,28.320102889278537
8,UEFA Euro 2024,1,179,Team H,Team G,Player 89,29,39,104.85136662270234,22.59852230818311,0,0.038876179817645865,,Left Foot,Open Play,Normal,Regular Play,True,True,True,1.0,2.0,0.9062592274254857,1.675674854000985,21.515299727613133
8,UEFA Euro 2024,2,180,Team G,Team H,Player 78,60,57,108.0,40.0,0,0.759510916949111,,Head,Penalty,Normal,From Corner,False,False,True,1.0,2.0,5.504553150232115,1.660897482203144,10.090626804270824
8,UEFA Euro 2024,1,181,Team H,Team G,Player 21,12,9,113.32938570450018,45.745962352179156,1,0.35777922767385995,,Right Foot,Open Play,Normal,Regular Play,False,False,False,1.0,0.0,2.4820764565191538,1.4671803482025694,8.490697788401336
8,UEFA Euro 2024,2,182,Team G,Team H,Player 52,63,19,100.57172406241709,50.023508057097125,0,0.041043201061118584,,Right Foot,Open Play,Normal,From Counter,True,False,True,1.0,3.0,1.6162101803017261,4.353339373742408,16.498782717816415
8,UEFA Euro 2024,2,183,Team H,Team G,Player 212,89,25,101.34648163792848,35.966533269844255,0,0.06112030026460538,,Left Foot,Open Play,Normal,Regular Play,False,False,True,2.0,2.0,2.081255618054951,2.976437922752776,13.428089058385165
8,UEFA Euro 2024,1,184,Team H,Team G,Player 268,26,28,108.43519862158394,50.17169116446771,0,0.11530895861516621,,Head,Open Play,Normal,Regular Play,False,True,True,0.0,1.0,1.0171893839370103,3.0518803195693245,12.242925354485426
8,UEFA Euro 2024,1,185,Team G,Team H,Player 297,35,18,91.46906015608062,26.627779946808424,0,0.007525035734330649,,Right Foot,Open Play,Normal,Regular Play,False,True,True,5.0,4.0,1.2248148520996553,2.8613358005208323,30.122256168903156
8,UEFA Euro 2024,1,186,Team G,Team H,Player 309,38,25,103.92029847698825,36.64645350707252,0,0.057637405754482875,,Left Foot,Open Play,Normal,Regular Play,True,False,False,3.0,2.0,1.972826854464268,2.193012238908901,15.514030951723088
8,UEFA Euro 2024,1,187,Team G,Team H,Player 328,20,11,77.1417032842515,31.477508048638036,0,0.0034442596715705087,,Left Foot,Free Kick,Normal,Regular Play,False,True,False,3.0,2.0,2.1675536369923583,3.5396394819820474,38.94146943519416
8,UEFA Euro 2024,2,188,Team G,Team H,Player 372,58,20,107.03556321237807,27.359247804075004,0,0.03938775659756451,,Head,Open Play,Normal,Regular Play,False,False,False,1.0,3.0,2.9503132059129027,2.5210442820076704,14.046407418180037
8,UEFA Euro 2024,1,189,Team G,Team H,Player 21,8,34,111.11100387109177,43.51509407395697,0,0.3446209135027356,,Head,Open Play,Normal,Regular Play,False,True,True,0.0,0.0,2.436284446120112,2.0036737087066983,7.161942814008608
8,UEFA Euro 2024,1,190,Team G,Team H,Player 107,22,21,115.03773861959276,22.416516147853887,0,0.06281754013715403,,Other,Open Play,Normal,From Goal Kick,False,False,True,1.0,0.0,0.46040347706063095,0.58614968318128,16.112364819127905
8,UEFA Euro 2024,2,191,Team H,Team G,Player 167,81,18,111.62022372849691,15.393819514013767,0,0.03008028838121207,,Right Foot,Open Play,Normal,Regular Play,False,True,True,1.0,2.0,4.335385489744573,0.7938855171434613,23.04871831996254
8,UEFA Euro 2024,2,192,Team G,Team H,Player 278,86,8,95.25336893987078,42.29514540060706,0,0.03914280578483102,,Left Foot,Open Play,Normal,From Throw In,False,False,False,1.0,1.0,5.3593391064854385,4.069498748535806,17.828314381474847
8,UEFA Euro 2024,2,193,Team H,Team G,Player 84,88,7,108.4450608913077,40.28558324776856,0,0.21268074061931347,,Left Foot,Open Play,Normal,From Throw In,False,False,True,2.0,1.0,1.1608064880376705,1.2467002140298813,9.384685876875904
8,UEFA Euro 2024,2,194,Team G,Team H,Player 119,75,32,85.62804149063842,43.25710648585598,0,0.010388146324748325,,Right Foot,Open Play,Normal,From Counter,True,True,True,3.0,1.0,3.22218351672442,1.4103250812050199,33.54077332951405
9,FIFA World Cup 2018,1,195,Team A,Team O,Player 196,17,31,109.92063055175248,26.213642114203207,0,0.07026176470209998,,Right Foot,Open Play,Normal,Regular Play,False,False,False,2.0,1.0,3.0498052861076435,3.3243444013249794,16.3378789993545
9,FIFA World Cup 2018,1,196,Team O,Team A,Player 312,30,37,110.49978893940701,42.149190075326786,0,0.2808127311978443,,Right Foot,Open Play,Normal,From Counter,False,False,True,3.0,1.0,3.5638127374397386,1.6305114061745105,8.352260823192088
9,FIFA World Cup 2018,1,197,Team O,Team A,Player 31,41,24,107.02952294492091,39.65509829255848,0,0.16593543003033753,,Head,Open Play,Normal,From Corner,False,False,True,0.0,0.0,4.338270529716749,2.9789238463579037,9.183737636762626
9,FIFA World Cup 2018,1,198,Team A,Team O,Player 353,23,57,98.43903030728896,46.47609185169261,0,0.03690714244843112,,Right Foot,Open Play,Normal,From Throw In,True,False,True,1.0,2.0,0.2,2.3112186005818405,19.960898032011443
9,FIFA World Cup 2018,2,199,Team O,Team A,Player 379,67,29,111.65602895670584,34.39025106032318,1,0.32151521777045416,,Left Foot,Corner,Normal,From Goal Kick,False,False,False,0.0,1.0,1.6231401299455044,5.231846427451707,4.914977872936279
9,FIFA World Cup 2018,1,200,Team O,Team A,Player 215,7,26,102.29361145775295,44.799073985561506,1,0.14865629014053822,,Left Foot,Open Play,Normal,Regular Play,False,True,True,0.0,1.0,5.4843290463195835,2.535800544551966,16.647581716929604
9,FIFA World Cup 2018,1,201,Team A,Team O,Player 355,19,10,112.50966543533082,50.72123459770223,0,0.19488438143416417,,Left Foot,Open Play,Normal,Regular Play,False,True,False,1.0,0.0,4.676410441648338,2.2433732788073026,9.369365220502267
9,FIFA World Cup 2018,2,202,Team A,Team O,Player 241,53,48,115.02028229004414,55.21159462944807,0,0.03861531821194401,,Left Foot,Open Play,Normal,Regular Play,True,False,False,3.0,1.0,8.112965246013196,0.42003874642230565,14.992026942167685
9,FIFA World Cup 2018,1,203,Team O,Team A,Player 38,32,12,112.1893467328235,54.72015746232518,0,0.04800473496383699,,Right Foot,Open Play,Normal,Regular Play,False,False,True,3.0,2.0,4.825806627264232,2.5883879139906334,12.956333283071931
9,FIFA World Cup 2018,1,204,Team A,Team O,Player 305,4,35,118.59273696644259,53.249583067667714,1,0.13411100492382935,,Right Foot,Open Play,Normal,Regular Play,False,True,False,0.0,1.0,8.652332540517458,3.4863246413304116,10.70221664778877
9,FIFA World Cup 2018,2,205,Team A,Team O,Player 351,77,47,117.37880924660361,43.50120322918426,1,0.8012126999539392,,Left Foot,Open Play,Normal,Regular Play,False,False,True,0.0,0.0,4.33360671862983,2.0877571374091617,2.337188095812064
9,FIFA World Cup 2018,1,206,Team O,Team A,Player 376,24,6,107.40791014741251,53.30472772687175,0,0.06197862341694757,,Left Foot,Open Play,Normal,From Free Kick,True,False,False,1.0,0.0,3.1750649078641637,4.840166781010022,12.476018605963434
9,FIFA World Cup 2018,2,207,Team A,Team O,Player 223,90,10,90.57934135477706,46.59542971769415,0,0.021562327953905197,,Right Foot,Open Play,Normal,Regular Play,False,False,True,1.0,1.0,1.2209534768756194,2.467652996277751,28.00623081183357
9,FIFA World Cup 2018,1,208,Team A,Team O,Player 376,6,35,111.3231170137897,19.7983877738742,0,0.011120661560249278,,Head,Open Play,Normal,Regular Play,False,False,True,4.0,2.0,1.1662772713925906,3.8895628630786594,17.820477846245733
9,FIFA World Cup 2018,1,209,Team O,Team A,Player 245,16,10,104.02348680574721,48.42802363535313,0,0.05050804403915266,,Left Foot,Open Play,Normal,Regular Play,True,False,False,2.0,2.0,2.105505326682421,1.9697730612485567,13.73267624398572
9,FIFA World Cup 2018,2,210,Team O,Team A,Player 116,72,0,110.04334329930977,58.45326394862952,1,0.03921983178367378,,Right Foot,Open Play,Normal,Regular Play,False,False,False,2.0,1.0,0.2,2.5454559933875185,18.487741434705107
9,FIFA World Cup 2018,2,211,Team A,Team O,Player 139,49,18,112.0721078885369,73.2615959788463,0,0.009888213440282992,,Left Foot,Open Play,Normal,Regular Play,True,True,True,0.0,3.0,7.476881565929346,4.334272977152638,31.391393643156235
9,FIFA World Cup 2018,1,212,Team O,Team A,Player 143,3,19,107.60694375717954,17.575284427703508,0,0.013576621272984252,,Right Foot,Open Play,Normal,Regular Play,False,False,True,5.0,0.0,0.5611168749033084,1.5991624761950067,25.288137808505702
9,FIFA World Cup 2018,2,213,Team O,Team A,Player 353,93,38,104.60030957889906,33.439911655995445,0,0.1680773960333404,,Other,Open Play,Normal,Regular Play,False,True,False,0.0,1.0,0.8232129273788042,3.550786638223961,9.883908645734834
10,UEFA Euro 2020,2,214,Team T,Team S,Player 315,82,27,103.14263137622704,47.945015618958024,0,0.0855260903123612,,Left Foot,Open Play,Normal,Regular Play,False,False,True,1.0,1.0,0.8003287123980286,2.5791799623018954,15.360032048985037
10,UEFA Euro 2020,1,215,Team T,Team S,Player 217,12,24,112.99365964621707,39.09441753987993,1,0.6358448774161173,,Right Foot,Open Play,Normal,From Counter,False,False,True,0.0,0.0,3.9591052597717993,2.3021867421042823,3.462156770542884
10,UEFA Euro 2020,2,216,Team S,Team T,Player 58,74,21,94.42801055831006,24.36099918258791,0,0.012430028800323898,,Left Foot,Open Play,Normal,Regular Play,False,False,True,3.0,2.0,7.759494742338977,1.9925028930129969,29.209675067042433
10,UEFA Euro 2020,1,217,Team S,Team T,Player 85,26,2,108.19369714275837,41.1143776066859,0,0.11988849790573874,,Right Foot,Corner,Normal,From Corner,True,False,True,3.0,2.0,1.8820186656338473,2.7545364413574687,9.676777737884441
10,UEFA Euro 2020,2,218,Team S,Team T,Player 340,53,14,102.42862902635301,36.5356969516714,0,0.05727185518243567,,Right Foot,Open Play,Normal,From Free Kick,True,False,True,1.0,4.0,2.7453006874683803,3.0172653911195813,15.23643568122697
10,UEFA Euro 2020,2,219,Team S,Team T,Player 288,47,28,103.65895773306914,59.3550199639423,0,0.012449391705129037,,Right Foot,Open Play,Normal,Regular Play,True,False,False,4.0,1.0,4.090441463896523,4.4218856534745115,22.033181560847254
10,UEFA Euro 2020,1,220,Team S,Team T,Player 213,31,16,109.30926752308928,31.764422392930477,0,0.18045823046244727,,Left Foot,Open Play,Normal,Regular Play,False,False,False,0.0,2.0,2.957327165754897,2.5899124942794716,12.464022548254407
10,UEFA Euro 2020,2,221,Team S,Team T,Player 163,62,52,90.19753080210864,43.19146659797631,0,0.010173896173464387,,Right Foot,Open Play,Normal,Regular Play,True,False,True,3.0,1.0,0.9858522465919907,2.525438372214839,23.40642258495852
10,UEFA Euro 2020,1,222,Team T,Team S,Player 271,10,8,112.94386402689261,43.9418791611544,0,0.45807966327617505,,Right Foot,Open Play,Normal,Regular Play,False,False,False,0.0,1.0,3.701929558394612,2.882173680155897,4.859165703701066
10,UEFA Euro 2020,1,223,Team T,Team S,Player 68,10,28,101.22379877944554,30.1188461485923,0,0.051496565964279865,,Right Foot,Open Play,Normal,From Corner,False,False,True,1.0,3.0,1.5728603581060652,2.076284402298633,20.34299794249656
10,UEFA Euro 2020,2,224,Team T,Team S,Player 168,50,35,102.79675277484824,21.226989630322944,0,0.03273036421249629,,Right Foot,Open Play,Normal,Regular Play,True,True,True,1.0,1.0,4.2819173073475065,2.8963687746130553,24.337682582458786
10,UEFA Euro 2020,2,225,Team T,Team S,Player 235,48,12,102.21292190456253,42.086045489246274,0,0.06327026014914046,,Left Foot,Open Play,Normal,Regular Play,True,False,True,2.0,1.0,11.569504580729472,1.1728180607929362,16.673289665150946
10,UEFA Euro 2020,1,226,Team T,Team S,Player 345,21,30,112.0567680795967,32.31922033450853,0,0.29982087612643427,,Right Foot,Open Play,Normal,From Counter,False,True,True,1.0,2.0,1.4012001852944684,1.76374892885302,10.607039399651292
10,UEFA Euro 2020,2,227,Team T,Team S,Player 308,88,39,113.47185836307072,37.40125404113943,1,0.5777883672664519,,Left Foot,Open Play,Normal,Regular Play,False,False,True,0.0,0.0,2.4630809430699525,1.366079397255881,3.2261565729550217
10,UEFA Euro 2020,1,228,Team S,Team T,Player 227,29,26,98.17912760066496,48.74767313281134,0,0.03504892486970592,,Head,Corner,Normal,Regular Play,False,True,False,1.0,2.0,4.095618278065471,1.185527572940756,24.744625797160325
10,UEFA Euro 2020,1,229,Team T,Team S,Player 180,20,16,113.13648458393598,23.495375575574407,0,0.05604802097066094,,Right Foot,Open Play,Normal,From Counter,False,False,True,3.0,0.0,4.877642761669694,3.4514165422212155,13.688660983695389
10,UEFA Euro 2020,2,230,Team T,Team S,Player 259,63,16,103.71790786147649,31.125791234098486,0,0.07084092141988088,,Right Foot,Open Play,Normal,From Free Kick,False,False,True,2.0,1.0,2.624434230707226,1.412231260631942,17.05491019425039
10,UEFA Euro 2020,1,231,Team S,Team T,Player 323,41,30,115.0441376053696,36.40714333075416,1,0.5633533377902057,,Right Foot,Open Play,Normal,From Corner,True,False,False,0.0,0.0,4.366788020971704,2.4426944578137513,3.272503214746992
10,UEFA Euro 2020,2,232,Team T,Team S,Player 370,85,35,105.48382439967102,26.467138376415654,0,0.06278573113121903,,Right Foot,Open Play,Normal,Regular Play,False,False,True,1.0,2.0,0.9654515805554374,2.7150061295210492,21.417051860166954
10,UEFA Euro 2020,2,233,Team S,Team T,Player 253,57,17,114.70186147150014,23.520786241871484,0,0.08571172107974542,,Left Foot,Open Play,Normal,Regular Play,False,True,True,1.0,1.0,0.6793881957123505,2.537878800747898,14.249505907544933
10,UEFA Euro 2020,1,234,Team S,Team T,Player 395,17,23,117.10548483765513,40.13102117873495,1,0.9091659609233829,,Right Foot,Free Kick,Normal,From Corner,True,True,True,0.0,1.0,3.0252659655006426,3.041411343829144,0.2
11,FIFA World Cup 2022,2,235,Team D,Team P,Player 252,84,59,111.52400631268854,61.746729049244976,0,0.03817192975384836,,Left Foot,Open Play,Normal,Regular Play,False,False,False,1.0,0.0,2.077121040653676,0.8462783901591711,21.78737317395514
11,FIFA World Cup 2022,2,236,Team D,Team P,Player 280,51,9,112.77473222060334,37.29894818279246,1,0.6108954827934636,,Left Foot,Open Play,Normal,Regular Play,False,True,False,0.0,0.0,1.242068664869792,1.2784135314787826,8.235852748351427
11,FIFA World Cup 2022,2,237,Team P,Team D,Player 307,46,13,115.43200174622321,49.549944576993354,0,0.1931098148818461,,Right Foot,Open Play,Normal,Regular Play,False,False,True,0.0,2.0,5.280124518465769,1.7275030896804995,8.06515895528886
11,FIFA World Cup 2022,1,238,Team D,Team P,Player 208,29,39,102.76882648520036,40.95161869866025,0,0.09915985561412756,,Right Foot,Open Play,Normal,From Throw In,True,True,False,2.0,0.0,1.618894094695846,3.194077837620207,14.847845984534583
11,FIFA World Cup 2022,2,239,Team P,Team D,Player 238,73,55,110.17466324653314,36.16350050678568,0,0.33004018844498595,,Left Foot,Open Play,Normal,From Corner,True,True,True,0.0,1.0,1.1042354335576046,3.237572857698187,9.192959355824316
11,FIFA World Cup 2022,2,240,Team P,Team D,Player 88,80,9,107.63636764296552,63.16864327473666,0,0.032040995057125043,,Right Foot,Free Kick,Normal,Regular Play,False,True,True,1.0,2.0,2.5231760371170378,2.438388569986037,24.24452231418903
11,FIFA World Cup 2022,1,241,Team P,Team D,Player 114,30,30,94.91799944353987,43.55200153445195,0,0.028515452915930987,,Other,Open Play,Normal,Regular Play,False,False,True,2.0,2.0,0.9993699818826652,1.8740555951702085,23.061577719500313
11,FIFA World Cup 2022,2,242,Team D,Team P,Player 33,59,24,104.43854699000595,49.28621309762173,0,0.08917327545712693,,Right Foot,Open Play,Normal,Regular Play,False,False,True,1.0,1.0,1.0510516342149272,3.2518916677492045,15.251544677809193
11,FIFA World Cup 2022,2,243,Team D,Team P,Player 343,75,9,115.29206243198489,43.73551885580702,0,0.4502037677342754,,Left Foot,Open Play,Normal,Regular Play,True,False,False,2.0,1.0,3.5621941934974135,0.4461527497801323,8.414547587972352
11,FIFA World Cup 2022,1,244,Team D,Team P,Player 50,27,12,111.75018725214906,22.83595778662595,0,0.04021223996331037,,Left Foot,Open Play,Normal,From Throw In,True,False,False,1.0,2.0,1.8328221649137786,3.0141795143870005,16.38152247578297
11,FIFA World Cup 2022,2,245,Team D,Team P,Player 233,88,53,104.98181478854974,26.019518788538846,0,0.07350379393723228,,Left Foot,Corner,Normal,From Free Kick,False,True,True,1.0,2.0,4.9203491428045,1.2479797796592225,18.63084607869496
11,FIFA World Cup 2022,1,246,Team D,Team P,Player 100,26,7,118.09167849088676,49.02659224497422,0,0.13376536575857398,,Right Foot,Open Play,Normal,Regular Play,True,False,True,0.0,2.0,1.1380915274529233,0.33011493399517944,5.705346193006186
11,FIFA World Cup 2022,1,247,Team D,Team P,Player 181,31,53,107.89328608182073,44.61120669119666,0,0.17760441349457992,,Right Foot,Open Play,Normal,Regular Play,True,True,True,2.0,0.0,0.9050870032768968,1.32833775068049,11.299455811750555
11,FIFA World Cup 2022,2,248,Team P,Team D,Player 134,54,55,112.940462509409,34.740185830322304,1,0.2501202436978079,,Head,Open Play,Normal,From Goal Kick,False,False,False,1.0,0.0,1.300680855560102,1.733708571547574,7.219419605915318
11,FIFA World Cup 2022,1,249,Team P,Team D,Player 374,7,8,113.28716186714857,62.33410289835014,0,0.022033219458765862,,Head,Open Play,Normal,Regular Play,False,False,True,1.0,0.0,1.0060683124812566,1.4466927213657081,24.28371980149445
11,FIFA World Cup 2022,1,250,Team P,Team D,Player 344,0,39,98.12205953358236,37.139158065995005,0,0.07131154063266804,,Right Foot,Open Play,Normal,Regular Play,False,False,True,0.0,1.0,1.9904374782677896,3.284783478682138,19.036272636425267
11,FIFA World Cup 2022,2,251,Team P,Team D,Player 52,48,55,89.37759781029068,55.10492409677513,0,0.007808881993970783,,Right Foot,Open Play,Normal,Regular Play,False,False,False,3.0,2.0,2.0194741203405058,1.9183575616581492,33.845260452288215
11,FIFA World Cup 2022,2,252,Team P,Team D,Player 243,47,33,108.0,40.0,0,0.759510916949111,,Head,Penalty,Normal,From Free Kick,False,False,False,2.0,2.0,0.21738047459145843,0.7237448066502288,13.70067782369536
11,FIFA World Cup 2022,1,253,Team D,Team P,Player 152,29,25,115.24572903522719,64.54964760041631,0,0.01988289123982298,,Left Foot,Open Play,Normal,From Corner,False,False,True,1.0,3.0,2.1919743957403663,6.095486914477771,17.29443640329789
11,FIFA World Cup 2022,1,254,Team D,Team P,Player 234,24,45,106.86164854082679,41.1713481406295,0,0.13704280005793096,,Right Foot,Open Play,Normal,From Throw In,True,False,True,2.0,0.0,2.819783222089669,1.3771201609787782,10.031045615658947
11,FIFA World Cup 2022,2,255,Team P,Team D,Player 191,71,54,111.03937932268819,44.17727407348566,1,0.39926837729323283,,Left Foot,Open Play,Normal,From Corner,False,True,True,0.0,2.0,4.438039254886184,4.124602656151729,6.34996317623341
11,FIFA World Cup 2022,2,256,Team P,Team D,Player 18,72,49,104.30539499926415,49.54663710071624,0,0.08602579010284672,,Left Foot,Open Play,Normal,Regular Play,True,False,False,0.0,0.0,1.2395570350692178,3.5186398432420845,13.803269630030332
12,UEFA Euro 2024,2,257,Team A,Team H,Player 175,95,23,95.88562425344489,30.36483144510091,0,0.020982593050617632,,Right Foot,Open Play,Normal,From Corner,True,False,True,2.0,1.0,3.4124564928629257,3.0965634884633126,23.668864911071157
12,UEFA Euro 2024,2,258,Team H,Team A,Player 275,93,19,100.02913098195343,49.59748352357359,0,0.037109630675979256,,Right Foot,Open Play,Normal,From Corner,True,False,True,1.0,2.0,3.0959946850883338,3.589913691120789,19.01506376322175
12,UEFA Euro 2024,1,259,Team H,Team A,Player 203,18,49,84.36827503992953,30.128372071514242,0,0.005564571883176655,,Right Foot,Open Play,Normal,Regular Play,True,False,False,0.0,6.0,7.348129523904888,2.126560906922088,36.873819826682436
12,UEFA Euro 2024,1,260,Team A,Team H,Player 357,19,10,108.0,40.0,1,0.759510916949111,,Right Foot,Penalty,Normal,Regular Play,False,False,False,1.0,1.0,1.3385466914075026,2.5260378052718995,11.915743147769197
12,UEFA Euro 2024,2,261,Team H,Team A,Player 314,89,12,104.08846980638565,43.34116752696461,0,0.1372861939461211,,Right Foot,Open Play,Normal,From Corner,True,True,False,0.0,2.0,2.55939378936494,2.4035219273129513,12.85264438260053
12,UEFA Euro 2024,2,262,Team H,Team A,Player 142,65,15,112.22308511337677,50.90579702649264,0,0.06751647855450078,,Other,Open Play,Normal,Regular Play,True,False,True,3.0,1.0,1.7954786345007456,4.893695702090936,7.675937101258009
12,UEFA Euro 2024,2,263,Team H,Team A,Player 143,92,6,104.92987817737425,33.13554416132868,0,0.1405399501404375,,Left Foot,Open Play,Normal,Regular Play,False,False,True,0.0,1.0,5.322018698802988,1.6976945710630122,15.431214753280484
12,UEFA Euro 2024,2,264,Team A,Team H,Player 181,94,17,114.396693039846,57.6485099563889,0,0.040504827360368804,,Right Foot,Open Play,Normal,Regular Play,False,False,True,2.0,2.0,5.207523708197324,3.377793171765841,13.153735574180606
12,UEFA Euro 2024,2,265,Team A,Team H,Player 348,58,18,107.59150861305241,45.560456486291024,0,0.2379025407630224,,Left Foot,Open Play,Normal,From Counter,False,True,False,2.0,0.0,0.7578211377693491,1.0605894069306918,12.269285209136704
12,UEFA Euro 2024,1,266,Team H,Team A,Player 43,31,58,106.96685910882448,65.16195000718461,0,0.028531720277960207,,Right Foot,Open Play,Normal,Regular Play,False,True,False,1.0,1.0,3.3213014887018533,0.9041307730713024,28.52456469710982
12,UEFA Euro 2024,2,267,Team H,Team A,Player 97,64,38,108.16633951325902,41.77036350277656,0,0.27380607519263833,,Right Foot,Open Play,Normal,From Corner,False,False,False,0.0,1.0,3.6530842053209853,3.169740414339585,8.553928773402873
12,UEFA Euro 2024,2,268,Team H,Team A,Player 175,87,37,99.19910515349548,44.089444046081496,0,0.08146342938471783,,Right Foot,Open Play,Normal,From Throw In,False,False,False,0.0,1.0,3.6804853650882947,1.3172125972399835,20.88778382525702
12,UEFA Euro 2024,1,269,Team H,Team A,Player 205,21,15,99.33755340900302,32.25732724845223,0,0.03749931897668029,,Right Foot,Open Play,Normal,Regular Play,False,False,True,3.0,1.0,1.2016795844660113,0.1,20.329496220793445
12,UEFA Euro 2024,2,270,Team A,Team H,Player 147,68,17,115.8195121095356,44.682860540433985,1,0.6513559338245157,,Left Foot,Open Play,Normal,Regular Play,False,True,False,0.0,0.0,1.6776879354264742,4.210649646845223,3.2848875899042254
12,UEFA Euro 2024,1,271,Team H,Team A,Player 115,19,45,98.65912988450658,24.490511609841107,0,0.02240438531392709,,Right Foot,Free Kick,Normal,Regular Play,False,True,True,3.0,3.0,0.7565951088477225,2.9451858699274633,24.339718777326006
12,UEFA Euro 2024,1,272,Team A,Team H,Player 383,35,45,96.81688648449446,28.943829722700848,0,0.023967963092026486,,Right Foot,Free Kick,Normal,Regular Play,True,True,False,2.0,3.0,0.6651888048740409,3.1109410828611628,24.585273472735413
12,UEFA Euro 2024,2,273,Team H,Team A,Player 132,51,3,110.66942924391016,46.833173153981924,0,0.27779448680605384,,Left Foot,Open Play,Normal,From Corner,False,False,False,0.0,0.0,3.3365729898540275,1.2341891988177123,9.50288298451371
12,UEFA Euro 2024,1,274,Team A,Team H,Player 123,6,53,114.71890018994594,41.873726478874666,0,0.5645313162037835,,Right Foot,Free Kick,Normal,From Throw In,True,True,False,2.0,2.0,3.0863929033989006,0.986651522383438,4.292737715544411
12,UEFA Euro 2024,2,275,Team A,Team H,Player 138,65,44,113.03390061488169,55.959423477174745,0,0.039460539790068604,,Head,Open Play,Normal,Regular Play,True,False,False,0.0,1.0,3.7474756649565824,1.918120008665398,17.33859549271313
12,UEFA Euro 2024,2,276,Team A,Team H,Player 344,89,59,100.8425865482637,18.045016552682274,0,0.023827878980491223,,Right Foot,Open Play,Normal,From Corner,False,False,True,1.0,0.0,3.5579910101722,0.26633229373477363,29.909545151091685
13,FIFA World Cup 2018,1,277,Team E,Team L,Player 351,23,42,107.46998349950456,24.267213884333955,0,0.04177623940707774,,Left Foot,Open Play,Normal,From Free Kick,False,True,True,4.0,1.0,4.65337290128596,2.8811138689980123,16.952358652269663
13,FIFA World Cup 2018,2,278,Team E,Team L,Player 181,79,21,107.61400568481625,36.39042884638673,1,0.25219529712632177,,Left Foot,Open Play,Normal,From Corner,False,False,True,0.0,0.0,1.7120952782943604,1.3075780961888022,8.992773088271225
13,FIFA World Cup 2018,1,279,Team L,Team E,Player 43,15,53,83.62615363715986,37.04071585650682,0,0.0070282921515793986,,Left Foot,Open Play,Normal,Regular Play,True,False,True,1.0,2.0,2.370230663344667,2.7722476216152847,35.2410006923659
13,FIFA World Cup 2018,2,280,Team E,Team L,Player 189,90,9,67.73411100833061,37.344935998284974,0,0.0007370684968111038,,Right Foot,Open Play,Normal,Regular Play,False,False,True,3.0,5.0,2.3922287554046036,2.5508574744353507,49.2782386921789
13,FIFA World Cup 2018,1,281,Team L,Team E,Player 214,15,50,94.7450637681463,52.4554753680208,0,0.018956265291865497,,Right Foot,Open Play,Normal,Regular Play,True,False,False,1.0,1.0,2.97073029529339,3.878194358296421,22.972607779222436
13,FIFA World Cup 2018,1,282,Team E,Team L,Player 223,2,35,102.1094401728034,61.20106730753251,0,0.021546362437502253,,Right Foot,Open Play,Normal,Regular Play,False,False,False,2.0,0.0,4.970618432777112,2.8808925385593054,25.03514494551673
13,FIFA World Cup 2018,2,283,Team E,Team L,Player 227,76,23,117.03914896702514,34.30419997032232,1,0.24642846256335035,,Right Foot,Open Play,Normal,From Corner,True,False,True,3.0,1.0,3.1160269262621587,2.2009963248746973,4.52644346524901
13,FIFA World Cup 2018,2,284,Team E,Team L,Player 169,62,40,100.51546417782521,36.5800266072017,0,0.03816309937780486,,Head,Open Play,Normal,Regular Play,True,True,False,2.0,1.0,1.6634912382996148,2.1771634188872078,18.26293213082886
13,FIFA World Cup 2018,1,285,Team L,Team E,Player 54,29,32,109.5918162658789,45.58427945777589,0,0.20240321657890645,,Left Foot,Open Play,Normal,Regular Play,False,True,False,2.0,3.0,2.2712545372384723,1.801175680646112,9.591061766376871
13,FIFA World Cup 2018,2,286,Team L,Team E,Player 392,79,51,97.15921528076294,46.26678669674967,0,0.024291606417781306,,Right Foot,Open Play,Normal,From Throw In,False,True,False,4.0,4.0,1.5865388110738616,1.7709651508535005,19.440326360788575
13,FIFA World Cup 2018,2,287,Team L,Team E,Player 104,75,7,106.22370352444845,41.95273348068756,0,0.08400749507087908,,Left Foot,Open Play,Normal,Regular Play,True,True,False,4.0,3.0,8.032190732894971,2.2182407270626983,12.938830573192806
13,FIFA World Cup 2018,1,288,Team L,Team E,Player 308,1,13,107.63722858561361,46.3367645391753,0,0.17879855544327053,,Right Foot,Corner,Normal,Regular Play,False,True,False,2.0,1.0,1.926339190865479,1.4615468075121896,13.505581113693415
13,FIFA World Cup 2018,1,289,Team L,Team E,Player 12,2,10,109.179852482615,43.45361667749136,1,0.19047682156360546,,Head,Open Play,Normal,From Counter,True,True,True,1.0,1.0,0.9956959215286941,3.5749366132447085,8.669894219560888
13,FIFA World Cup 2018,2,290,Team L,Team E,Player 53,77,36,108.04424668431348,27.225587748051446,0,0.04462484539940148,,Head,Open Play,Normal,Regular Play,True,False,True,0.0,2.0,0.3458512237821852,1.4336984502916448,17.63610378252453
13,FIFA World Cup 2018,2,291,Team L,Team E,Player 223,93,24,112.55575966842106,37.72550620092917,0,0.34418464080974703,,Right Foot,Open Play,Normal,From Counter,True,False,False,3.0,0.0,5.31011030673694,2.3980122388759013,5.567504855275994
13,FIFA World Cup 2018,2,292,Team L,Team E,Player 118,73,15,108.31013280280516,40.040758858772215,0,0.26300909341527445,,Right Foot,Open Play,Normal,Regular Play,False,False,True,1.0,0.0,3.85207800967959,3.181973570759055,8.265935626271867
13,FIFA World Cup 2018,1,293,Team L,Team E,Player 107,31,0,97.69541226980726,36.54663299777363,0,0.027808858575067964,,Right Foot,Open Play,Normal,Regular Play,True,True,False,3.0,4.0,2.0089960955863453,0.5311184676558109,23.096089032285136
13,FIFA World Cup 2018,2,294,Team L,Team E,Player 10,89,2,96.28491371553389,51.70917506901096,0,0.0122485447850214,,Head,Open Play,Normal,From Corner,False,False,True,3.0,1.0,0.2,4.443322189687951,24.164845736830202
13,FIFA World Cup 2018,2,295,Team E,Team L,Player 391,50,27,102.36820552635302,48.33166199855419,0,0.10205423295122763,,Left Foot,Open Play,Normal,Regular Play,False,False,False,0.0,0.0,1.4956341228525027,2.3100409918603293,16.092402068259794
13,FIFA World Cup 2018,2,296,Team E,Team L,Player 162,95,26,101.19573135954039,28.428793958221945,0,0.034886636256073224,,Right Foot,Open Play,Normal,Regular Play,True,False,True,2.0,0.0,3.0328755827053646,3.3631302843043858,16.986597725291603
13,FIFA World Cup 2018,1,297,Team E,Team L,Player 9,20,10,105.10424223394,11.480118330575046,0,0.010418140742704628,,Left Foot,Open Play,Normal,Regular Play,False,False,False,2.0,1.0,4.0391833802479535,4.674440669294542,26.47256854500449
13,FIFA World Cup 2018,1,298,Team L,Team E,Player 180,3,42,103.2569968573692,50.901733599146496,0,0.03090023239087562,,Head,Open Play,Normal,From Counter,True,False,True,1.0,3.0,5.576022066786878,2.171661934354451,17.486359371873192
13,FIFA World Cup 2018,1,299,Team E,Team L,Player 303,43,23,116.19317419852254,34.685255891729625,1,0.42320103791721014,,Right Foot,Open Play,Normal,Regular Play,True,False,True,0.0,1.0,3.3381469635012553,2.9919999679908353,3.2292188553094534
13,FIFA World Cup 2018,1,300,Team L,Team E,Player 31,8,41,100.08585951689373,28.35499005250934,0,0.039290898778211326,,Right Foot,Open Play,Normal,From Throw In,False,False,False,1.0,3.0,0.23913390873589996,1.7300410730343805,20.13681130954438
13,FIFA World Cup 2018,2,301,Team L,Team E,Player 340,81,50,117.44688106760805,28.622064528969318,0,0.06028810321717523,,Head,Open Play,Normal,Regular Play,False,False,True,2.0,0.0,2.2146897011885622,4.091354884044021,4.798878280525129
13,FIFA World Cup 2018,2,302,Team E,Team L,Player 353,55,29,113.48770390803274,11.318979180246679,0,0.00513298796646005,,Left Foot,Open Play,Normal,Regular Play,False,False,True,5.0,4.0,1.9564462843023973,2.3333058247538796,28.350372439487547
13,FIFA World Cup 2018,1,303,Team L,Team E,Player 129,31,42,108.0,40.0,0,0.759510916949111,,Left Foot,Penalty,Normal,Regular Play,True,False,True,0.0,1.0,1.194949820182695,1.7543480703429868,9.307394951813373
13,FIFA World Cup 2018,1,304,Team E,Team L,Player 394,27,19,110.25304554271793,32.72213168289799,0,0.23597834660452122,,Left Foot,Open Play,Normal,From Corner,False,False,False,0.0,1.0,2.2794887569147515,1.7045773334359535,10.270379237864477
13,FIFA World Cup 2018,1,305,Team L,Team E,Player 195,12,56,109.2044205420472,38.11864666220495,0,0.25189863092843656,,Left Foot,Open Play,Normal,From Free Kick,True,True,True,1.0,2.0,1.5478059545524716,2.7893676304000263,7.767477505645225
13,FIFA World Cup 2018,2,306,Team E,Team L,Player 237,51,26,97.63789644350847,40.13580003168754,0,0.07493385584242665,,Left Foot,Open Play,Normal,Regular Play,False,False,False,0.0,0.0,0.8136306595012853,3.857664114349972,18.386045718401768
13,FIFA World Cup 2018,1,307,Team L,Team E,Player 295,10,28,60.0,38.68962462912036,0,0.000346636785709739,,Right Foot,Free Kick,Normal,From Free Kick,False,False,False,3.0,4.0,1.4784828848188167,2.624148597872437,56.55135501581465
14,UEFA Euro 2020,2,308,Team C,Team R,Player 40,68,27,87.89223930415096,37.38187104832133,0,0.005885432848829959,,Left Foot,Open Play,Normal,From Free Kick,True,False,False,5.0,0.0,2.9110033394616237,4.613082863353129,30.523884465195245
14,UEFA Euro 2020,2,309,Team R,Team C,Player 28,83,19,116.42666371885633,41.129587480499126,0,0.8612065792912578,,Left Foot,Open Play,Normal,Regular Play,False,True,False,1.0,1.0,1.912519299745791,0.556318367425912,0.4377595193325763
14,UEFA Euro 2020,2,310,Team C,Team R,Player 26,55,58,109.9085883483866,46.844846230972266,0,0.28394223843657773,,Right Foot,Free Kick,Normal,From Counter,False,False,True,0.0,1.0,1.1464567872361107,1.80445603878853,12.723358225450559
14,UEFA Euro 2020,1,311,Team C,Team R,Player 75,43,14,113.90558436864092,60.31083836002584,0,0.04091922826098425,,Right Foot,Open Play,Normal,Regular Play,True,True,False,1.0,1.0,8.646684235415004,2.6515373646850833,17.56291955051679
14,UEFA Euro 2020,2,312,Team C,Team R,Player 52,88,27,108.37064824577499,30.157706138950907,0,0.1026045463458879,,Left Foot,Open Play,Normal,From Corner,True,False,True,1.0,0.0,2.2085975128943933,2.9623791417681895,12.257836592440295
14,UEFA Euro 2020,1,313,Team C,Team R,Player 379,33,36,114.8977879802783,51.92103858668112,0,0.09967589729205611,,Left Foot,Open Play,Normal,Regular Play,False,False,False,2.0,1.0,4.374747435971115,1.2972306800192823,11.197636053032506
14,UEFA Euro 2020,2,314,Team R,Team C,Player 329,71,43,82.13916443672642,39.604234341893545,0,0.0035049364702876857,,Head,Open Play,Normal,From Free Kick,False,True,False,4.0,1.0,2.708013627066157,4.346158376834229,34.02767867504296
14,UEFA Euro 2020,1,315,Team C,Team R,Player 80,10,54,90.39133314778607,41.84416611199372,1,0.02761846136037124,,Left Foot,Free Kick,Normal,Regular Play,False,True,False,1.0,2.0,1.7985913731422427,2.473949848134757,26.195585783675057
14,UEFA Euro 2020,2,316,Team R,Team C,Player 38,61,5,92.44468944478827,36.96126776264606,0,0.032861094972822816,,Right Foot,Open Play,Normal,From Throw In,False,False,True,0.0,2.0,2.6419289176556133,0.41321532736010713,26.000302211268778
14,UEFA Euro 2020,1,317,Team C,Team R,Player 316,6,48,109.68101290918686,36.243348041804595,0,0.2074647655576557,,Other,Open Play,Normal,From Corner,False,False,True,3.0,0.0,2.256227094362375,0.13275493096739766,10.787652225594117
14,UEFA Euro 2020,2,318,Team R,Team C,Player 142,45,33,89.91441394447932,48.339718879520575,0,0.021163073492721063,,Left Foot,Open Play,Normal,Regular Play,False,True,True,1.0,3.0,0.5674135359758218,1.4404337126632307,30.40128134701215
14,UEFA Euro 2020,2,319,Team C,Team R,Player 172,45,9,101.62202508432692,52.09286916516421,0,0.04874464503842513,,Right Foot,Open Play,Normal,Regular Play,True,True,False,1.0,2.0,0.7919052390416356,2.2188571572071623,19.30354782926417
14,UEFA Euro 2020,1,320,Team C,Team R,Player 58,14,45,111.32331831305864,39.66530118607093,1,0.2934661057797369,,Head,Open Play,Normal,From Corner,False,False,True,1.0,0.0,2.4518043110914474,2.216480265962798,5.786862343115332
14,UEFA Euro 2020,2,321,Team C,Team R,Player 35,55,31,111.44732852514232,46.50158823206722,0,0.20362771327917653,,Right Foot,Open Play,Normal,From Goal Kick,True,False,False,1.0,0.0,1.5991887531241809,3.2027267701717372,4.900873844778418
14,UEFA Euro 2020,1,322,Team R,Team C,Player 10,43,49,106.36950257646596,38.441100949017844,0,0.0947722809273066,,Head,Open Play,Normal,Regular Play,True,False,False,1.0,0.0,5.288876901526994,1.8709805124939969,11.495301752096504
14,UEFA Euro 2020,2,323,Team C,Team R,Player 38,45,27,110.38387890926954,42.45189079304222,0,0.3164202753314402,,Left Foot,Open Play,Normal,From Goal Kick,False,False,True,1.0,1.0,2.450712215126669,3.1992957287897186,6.84678693548939
14,UEFA Euro 2020,2,324,Team R,Team C,Player 110,69,46,115.19704127764759,66.51226759837401,0,0.02832210135076258,,Left Foot,Open Play,Normal,From Counter,False,False,False,1.0,0.0,1.7441731322733824,0.8967258939335132,26.16354215722965
14,UEFA Euro 2020,2,325,Team R,Team C,Player 392,50,56,108.0,40.0,1,0.759510916949111,,Right Foot,Penalty,Normal,From Free Kick,True,True,True,0.0,1.0,2.5112877794944524,0.5068097331915735,12.72229944810562
14,UEFA Euro 2020,2,326,Team C,Team R,Player 204,47,59,91.10276248041257,37.6288028787116,0,0.015863280600981515,,Head,Open Play,Normal,From Counter,False,False,False,2.0,0.0,4.129496050727183,1.4069113429600522,27.329170919268044
14,UEFA Euro 2020,2,327,Team C,Team R,Player 148,69,5,112.72436815318096,66.78242824008095,0,0.015519334987319746,,Right Foot,Open Play,Normal,Regular Play,False,False,True,2.0,1.0,0.8691468321138401,4.684759116646864,22.695937552653504
14,UEFA Euro 2020,1,328,Team C,Team R,Player 386,31,3,115.18735008863013,34.876771907541006,1,0.5690691873573946,,Left Foot,Open Play,Normal,From Counter,False,False,True,0.0,0.0,2.3315025037782315,2.0875255941545743,6.1436684785987286
14,UEFA Euro 2020,2,329,Team R,Team C,Player 208,62,56,113.5711138582926,27.390690036984644,0,0.11745804165889365,,Right Foot,Open Play,Normal,Regular Play,False,False,False,1.0,0.0,3.267005985152152,3.8321849390592124,10.001065025394235
14,UEFA Euro 2020,1,330,Team C,Team R,Player 235,34,25,110.57556229672122,46.55322697382888,0,0.09721196835604307,,Head,Open Play,Normal,From Corner,False,False,True,2.0,3.0,2.9818294389825435,3.292807495602701,8.16287175000034
14,UEFA Euro 2020,2,331,Team C,Team R,Player 384,48,22,101.7222137930624,45.37801012933585,0,0.03870498998541905,,Right Foot,Open Play,Normal,From Goal Kick,True,False,False,4.0,0.0,2.248217517776199,0.8219297071719975,19.00791861353322
14,UEFA Euro 2020,2,332,Team R,Team C,Player 267,74,5,95.49312109661516,38.95710584671013,0,0.032922737924687265,,Left Foot,Open Play,Normal,From Goal Kick,True,False,False,1.0,1.0,1.3497214407067373,1.7526149961726105,23.893057234314828
14,UEFA Euro 2020,2,333,Team R,Team C,Player 155,54,45,111.79688168359647,36.16665314170414,1,0.33918253251355845,,Left Foot,Open Play,Normal,Regular Play,True,False,False,0.0,1.0,1.6074040651410342,1.5892181632082805,8.632278588436469
15,FIFA World Cup 2022,2,334,Team W,Team H,Player 102,57,0,107.47000241348178,39.39469236970674,1,0.16487295922483425,,Right Foot,Open Play,Normal,From Throw In,False,False,False,1.0,4.0,1.9312873583552796,3.604497398008734,7.232716497768321
15,FIFA World Cup 2022,2,335,Team H,Team W,Player 324,50,0,90.97226135051156,59.51600445854146,0,0.006437091805131811,,Right Foot,Open Play,Normal,From Goal Kick,True,True,True,4.0,0.0,1.8288414987636885,2.478966102061387,30.560418435398937
15,FIFA World Cup 2022,1,336,Team H,Team W,Player 213,21,22,75.13257729616683,39.88049878631985,0,0.003182706785717552,,Right Foot,Open Play,Normal,From Corner,False,False,False,1.0,3.0,5.1168881017857135,2.336560349459226,40.712545353177966
15,FIFA World Cup 2022,1,337,Team H,Team W,Player 37,41,39,106.75795847308464,37.46113547963182,0,0.23561934268766932,,Left Foot,Open Play,Normal,Regular Play,True,True,True,0.0,0.0,4.630619162046813,2.050621732617018,9.360161489903536
15,FIFA World Cup 2022,1,338,Team H,Team W,Player 214,20,50,110.9219325996104,28.63154915393553,0,0.07070185742779948,,Right Foot,Open Play,Normal,From Goal Kick,True,False,False,2.0,2.0,3.668292561236639,3.3220587563806165,14.433501212903671
15,FIFA World Cup 2022,2,339,Team W,Team H,Player 372,73,57,110.58835969769582,55.443516589050134,0,0.09771143774544427,,Right Foot,Open Play,Normal,Regular Play,True,True,False,0.0,0.0,1.2151025097703112,0.8182586227309845,18.486680735086434
15,FIFA World Cup 2022,2,340,Team H,Team W,Player 389,56,27,113.23837355122784,37.882207735244165,1,0.4602024974024978,,Right Foot,Open Play,Normal,From Corner,True,False,True,0.0,2.0,5.830194008360317,4.55187910711286,5.309924353205947
15,FIFA World Cup 2022,2,341,Team W,Team H,Player 12,63,59,110.62639924483672,32.07617158904716,0,0.1870390385475743,,Right Foot,Open Play,Normal,Regular Play,False,True,True,2.0,2.0,2.7322360173675184,1.0976381368127537,10.743454690999748
15,FIFA World Cup 2022,2,342,Team H,Team W,Player 56,55,0,80.63101324650455,57.70594162734797,0,0.002365221360684179,,Right Foot,Open Play,Normal,Regular Play,False,False,False,4.0,1.0,2.3957121984249246,3.798905741940338,38.903270958410964
15,FIFA World Cup 2022,1,343,Team W,Team H,Player 27,11,29,114.18179334890083,37.71395592407586,1,0.6502675385521395,,Right Foot,Corner,Normal,From Corner,True,True,True,0.0,0.0,1.3995292625140086,2.028042463573425,4.450981737937698
15,FIFA World Cup 2022,2,344,Team W,Team H,Player 391,76,47,108.0,40.0,1,0.759510916949111,,Right Foot,Penalty,Normal,From Throw In,False,False,True,1.0,2.0,1.890664093095515,2.283459967447401,12.237000691520102
15,FIFA World Cup 2022,2,345,Team H,Team W,Player 39,63,13,102.2225173763922,52.079630774065215,0,0.05825336330460291,,Left Foot,Open Play,Normal,Regular Play,True,True,True,1.0,1.0,2.864179989579451,3.1228848555061752,21.01160712024344
15,FIFA World Cup 2022,1,346,Team H,Team W,Player 196,18,49,66.76943869323222,56.45098416721909,0,0.0002093659566303789,,Left Foot,Open Play,Normal,Regular Play,False,False,True,7.0,5.0,1.0423361573527938,3.9729415561703867,53.3004718668367
15,FIFA World Cup 2022,2,347,Team H,Team W,Player 191,52,44,113.03958265771769,49.21638683754951,0,0.1861004383462615,,Left Foot,Open Play,Normal,From Throw In,True,False,False,0.0,0.0,0.677054880580608,2.2951670245373563,9.82387134026317
15,FIFA World Cup 2022,2,348,Team W,Team H,Player 160,68,38,109.4477022551128,44.60294305883414,0,0.11601342931204263,,Head,Open Play,Normal,From Free Kick,True,False,True,1.0,1.0,2.7026331379889132,2.067834323707584,7.330629673099839
15,FIFA World Cup 2022,1,349,Team W,Team H,Player 10,43,27,108.36161821138016,35.693143228690296,0,0.2994182065539766,,Right Foot,Open Play,Normal,Regular Play,False,True,True,1.0,0.0,10.433896756303241,1.830433589744569,15.520059330389056
15,FIFA World Cup 2022,1,350,Team H,Team W,Player 267,31,54,97.87068286983946,35.162245655616516,0,0.047757784835089974,,Left Foot,Open Play,Normal,Regular Play,False,False,True,1.0,2.0,2.7378219561306536,2.6646845547611497,18.110400753969454
15,FIFA World Cup 2022,2,351,Team W,Team H,Player 107,52,8,107.67645604495581,47.294236191723044,0,0.24654557533851135,,Left Foot,Open Play,Normal,Regular Play,False,True,True,0.0,0.0,6.3844921815658795,3.033272084293205,11.125939172174434
15,FIFA World Cup 2022,1,352,Team W,Team H,Player 171,26,25,111.37790371491386,42.246430181837994,0,0.21435118079960375,,Head,Open Play,Normal,Regular Play,True,True,False,2.0,1.0,5.417305145537031,2.274228777834284,5.117665594377292
15,FIFA World Cup 2022,1,353,Team W,Team H,Player 182,33,23,107.20134104205015,31.03533762667377,0,0.20377557545605657,,Right Foot,Open Play,Normal,From Free Kick,False,True,True,0.0,0.0,1.66005681441373,0.7250409350298856,12.555220747611425
15,FIFA World Cup 2022,1,354,Team H,Team W,Player 283,30,27,106.72816390995487,39.27898804038742,0,0.19225901411283042,,Right Foot,Corner,Normal,Regular Play,False,True,False,2.0,2.0,1.3102060587497246,3.9045965121121062,11.886723527116832
15,FIFA World Cup 2022,1,355,Team W,Team H,Player 155,9,52,114.45789719188633,14.241376550579098,0,0.01804414478387236,,Left Foot,Open Play,Normal,Regular Play,False,True,False,4.0,0.0,1.8228017806203802,1.6367154163756297,26.798519397625093
15,FIFA World Cup 2022,2,356,Team H,Team W,Player 340,78,6,111.22925621554991,44.632969920306486,0,0.3655624183970448,,Left Foot,Open Play,Normal,Regular Play,False,False,True,0.0,0.0,3.7712142939039457,3.0522696078475464,5.341782368654823
15,FIFA World Cup 2022,2,357,Team W,Team H,Player 147,62,54,94.48284230478913,35.07838941391355,0,0.019227385280551457,,Head,Open Play,Normal,Regular Play,True,True,False,1.0,2.0,2.0012531808221774,1.4711850969349907,24.921707902268558
15,FIFA World Cup 2022,2,358,Team H,Team W,Player 229,48,11,112.5542646492121,33.41291019997537,0,0.17745316651078405,,Left Foot,Free Kick,Normal,Regular Play,True,True,True,3.0,2.0,2.3675903836905716,1.920123150441447,7.9974723196149435
15,FIFA World Cup 2022,1,359,Team W,Team H,Player 229,42,46,89.66984047605541,54.509432695067545,0,0.0058296811107259915,,Left Foot,Open Play,Normal,Regular Play,True,False,False,4.0,0.0,6.939520746989824,1.918002306050958,30.154578374736346
15,FIFA World Cup 2022,2,360,Team H,Team W,Player 361,74,18,102.22618302603975,54.1544260435276,0,0.0386013374752572,,Right Foot,Open Play,Normal,Regular Play,True,False,True,1.0,0.0,0.9187740298589357,2.06677787832845,18.640366391836913
15,FIFA World Cup 2022,2,361,Team W,Team H,Player 264,51,38,93.25525393358959,40.87009802600404,0,0.020129176731273592,,Left Foot,Open Play,Normal,Regular Play,True,False,False,1.0,3.0,0.3217035736683966,2.1921693311888797,24.46258707360365
16,UEFA Euro 2024,2,362,Team V,Team D,Player 164,62,33,108.0,40.0,0,0.759510916949111,,Right Foot,Penalty,Normal,Regular Play,True,False,False,0.0,0.0,0.6509165934886216,0.1,12.758623373844792
16,UEFA Euro 2024,1,363,Team D,Team V,Player 313,36,53,88.28846452147971,29.97787200421846,0,0.007047222568170301,,Right Foot,Open Play,Normal,From Throw In,False,False,False,3.0,4.0,1.8414815954004375,2.757176183105809,30.276522685206707
16,UEFA Euro 2024,2,364,Team V,Team D,Player 152,73,50,102.94531861895997,38.1674186158542,1,0.060656424886287495,,Head,Open Play,Normal,Regular Play,False,False,False,2.0,0.0,1.2289973290029517,1.4661293429466287,15.050495010945546
16,UEFA Euro 2024,2,365,Team V,Team D,Player 391,48,19,105.89363614937712,52.469625938065974,0,0.09335808423982313,,Right Foot,Open Play,Normal,Regular Play,False,False,True,0.0,1.0,1.440713050870108,2.4370650802053992,16.916972103717423
16,UEFA Euro 2024,2,366,Team D,Team V,Player 319,67,56,117.23050404534573,35.597439091035575,1,0.5420441407330153,,Right Foot,Open Play,Normal,From Corner,False,False,True,1.0,3.0,4.53693759716763,2.6414952035992374,0.2
16,UEFA Euro 2024,1,367,Team D,Team V,Player 157,38,14,109.63975386472934,25.346708276491512,0,0.04077469598807865,,Head,Open Play,Normal,From Goal Kick,False,False,True,1.0,2.0,0.2,2.4344621429799265,15.857125835376005
16,UEFA Euro 2024,2,368,Team V,Team D,Player 85,56,16,113.51872795722436,26.650369440469433,0,0.09714744901745268,,Right Foot,Open Play,Normal,Regular Play,False,False,True,1.0,1.0,3.0843894942020236,3.070602799782259,10.981793688412516
16,UEFA Euro 2024,1,369,Team D,Team V,Player 29,4,49,85.30794982875655,32.81487803147932,0,0.008455834379948506,,Right Foot,Open Play,Normal,From Free Kick,True,False,False,1.0,1.0,1.6884843595944363,1.7955707307195405,31.54280384445258
16,UEFA Euro 2024,1,370,Team D,Team V,Player 368,38,25,103.18405214309442,47.5349788004351,0,0.0795813535914099,,Left Foot,Open Play,Normal,Regular Play,False,False,False,2.0,0.0,1.3959215198795885,2.0753775749561787,15.613234162841788
16,UEFA Euro 2024,2,371,Team V,Team D,Player 271,87,57,102.24734045889758,47.054340862330605,1,0.09695285509388091,,Right Foot,Open Play,Normal,From Throw In,True,True,False,0.0,1.0,4.896615102969889,3.3004546571003837,13.122513379612956
16,UEFA Euro 2024,2,372,Team V,Team D,Player 63,65,44,115.64133482244905,29.473186264780743,0,0.08655338868042113,,Left Foot,Open Play,Normal,From Corner,True,False,True,2.0,2.0,4.235450297929827,1.8493776779087936,10.664133587362853
16,UEFA Euro 2024,1,373,Team V,Team D,Player 5,23,33,108.57516744848279,52.97962313403348,0,0.05023556273279008,,Head,Free Kick,Normal,Regular Play,False,True,False,3.0,0.0,2.9805841707727962,2.5054060786112213,15.248905702108635
16,UEFA Euro 2024,2,374,Team V,Team D,Player 175,63,20,117.98143985196285,34.70069887898954,0,0.5712352987289877,,Right Foot,Corner,Normal,Regular Play,False,True,False,0.0,1.0,0.658785409008539,3.0468279022659055,4.462536657032277
16,UEFA Euro 2024,1,375,Team V,Team D,Player 364,25,29,119.5,39.78324658570058,1,0.992144129256898,,Right Foot,Open Play,Normal,Regular Play,False,True,True,0.0,0.0,1.1778944817634907,1.7543238739311597,0.2
16,UEFA Euro 2024,1,376,Team V,Team D,Player 338,25,5,97.6439341770776,42.30650897739842,0,0.060649386159663234,,Left Foot,Open Play,Normal,From Counter,True,True,True,2.0,0.0,1.6782818091842158,2.1554838301653194,21.117599074000374
16,UEFA Euro 2024,2,377,Team V,Team D,Player 183,52,54,105.56762336698532,42.822030440395814,0,0.09953685540022023,,Head,Open Play,Normal,Regular Play,True,False,False,0.0,0.0,1.3974738581669806,1.9077012984063189,13.778241795974656
16,UEFA Euro 2024,1,378,Team V,Team D,Player 288,9,53,107.03961401139047,59.31806874893653,0,0.017597694707095515,,Right Foot,Open Play,Normal,From Throw In,True,False,False,3.0,2.0,2.655513927315307,0.1,22.680867832778798
16,UEFA Euro 2024,1,379,Team D,Team V,Player 56,4,12,115.17316585924672,38.58436337600827,1,0.6808064298814567,,Head,Free Kick,Normal,From Counter,False,True,True,1.0,1.0,3.517622721323515,3.0276488660975645,0.2
16,UEFA Euro 2024,1,380,Team D,Team V,Player 128,21,56,115.5718137424513,42.04837448593948,1,0.656229222210194,,Left Foot,Open Play,Normal,Regular Play,False,False,True,2.0,1.0,1.4363625805566809,4.200800060121221,0.6211128871385174
16,UEFA Euro 2024,1,381,Team D,Team V,Player 157,13,26,93.34916727192501,37.34198621121392,0,0.02690290991175213,,Head,Open Play,Normal,Regular Play,False,True,True,1.0,1.0,2.015075874813921,1.1608793696903537,28.847502347407506
16,UEFA Euro 2024,1,382,Team D,Team V,Player 398,38,33,111.47853799662707,38.23316745867154,0,0.33795735438846847,,Right Foot,Free Kick,Normal,From Throw In,False,False,False,2.0,1.0,4.5627036625276975,0.8478267988714381,5.80864382714322
16,UEFA Euro 2024,2,383,Team V,Team D,Player 262,86,11,104.19985565321795,29.72962137140308,0,0.06917152554374695,,Left Foot,Open Play,Normal,From Free Kick,False,False,False,2.0,0.0,4.635452143366749,4.4049151937693765,12.846691017585322
16,UEFA Euro 2024,1,384,Team D,Team V,Player 86,25,50,108.0,40.0,1,0.759510916949111,,Right Foot,Penalty,Normal,Regular Play,False,False,False,3.0,1.0,2.3534952994608367,2.2713252226515985,8.599104668558567
16,UEFA Euro 2024,1,385,Team D,Team V,Player 63,16,13,116.89790980542641,46.923377400757225,0,0.2513516527678469,,Right Foot,Open Play,Normal,From Corner,False,False,False,1.0,3.0,0.9285528011081474,1.0256917409057846,6.488025892630989
16,UEFA Euro 2024,2,386,Team V,Team D,Player 309,52,7,95.77154373752121,39.7338562294551,0,0.04038782419341846,,Right Foot,Open Play,Normal,Regular Play,False,False,True,1.0,2.0,0.5530174785565688,0.8384668623588243,21.317348777070166
16,UEFA Euro 2024,2,387,Team D,Team V,Player 315,78,11,108.0,40.0,0,0.759510916949111,,Right Foot,Penalty,Normal,Regular Play,True,False,True,0.0,1.0,4.220664804470655,1.8743970013575957,9.01122184677885
16,UEFA Euro 2024,1,388,Team D,Team V,Player 354,17,11,110.04650315620782,21.394114925279613,0,0.051581313496081686,,Left Foot,Open Play,Normal,From Counter,True,True,False,1.0,2.0,1.7527508449956903,2.517607800602924,17.412683948332653
16,UEFA Euro 2024,2,389,Team D,Team V,Player 272,90,20,98.01473196701733,51.99182637059728,0,0.0454754972910617,,Right Foot,Open Play,Normal,From Counter,False,False,False,1.0,1.0,2.0848748505936388,3.2190089881359865,21.887332644672444
16,UEFA Euro 2024,2,390,Team D,Team V,Player 367,58,22,108.0633958302617,35.65451474016702,0,0.1499459866695951,,Right Foot,Open Play,Normal,Regular Play,False,False,False,3.0,0.0,1.0195131220930131,3.2502499115198846,8.222440794745502
16,UEFA Euro 2024,2,391,Team V,Team D,Player 388,64,22,101.0262680980075,38.55585468614464,0,0.03440396239489462,,Head,Open Play,Normal,From Corner,False,False,True,3.0,1.0,2.2115686676331965,2.058760454504407,17.179602249984903
16,UEFA Euro 2024,1,392,Team D,Team V,Player 397,39,22,112.35393692173494,62.445427557569914,0,0.0347940902104437,,Right Foot,Open Play,Normal,From Throw In,False,False,False,1.0,0.0,2.70185892392958,2.618911610226315,19.902115947561697
16,UEFA Euro 2024,1,393,Team D,Team V,Player 322,38,41,106.5015810545248,30.65394861350527,0,0.07077927167236396,,Head,Open Play,Normal,From Corner,False,True,True,2.0,1.0,3.629440637821425,3.5983220639758535,13.142128157989772
16,UEFA Euro 2024,1,394,Team V,Team D,Player 12,15,56,108.0,40.0,1,0.759510916949111,,Left Foot,Penalty,Normal,Regular Play,True,False,False,1.0,2.0,0.23629768886584032,2.93741879112742,4.717089120386667
17,FIFA World Cup 2018,1,395,Team I,Team E,Player 244,7,56,102.23585157286021,41.27393951214302,0,0.1352352012051221,,Left Foot,Open Play,Normal,From Free Kick,False,True,False,1.0,1.0,3.460906043435703,1.7396414980658252,16.708623765216736
17,FIFA World Cup 2018,1,396,Team I,Team E,Player 28,18,20,100.42413039053845,42.17063144040624,0,0.02317837610171337,,Head,Open Play,Normal,From Corner,True,False,True,3.0,1.0,2.216684001265868,3.237121561630296,17.144320849051823
17,FIFA World Cup 2018,1,397,Team I,Team E,Player 254,23,22,100.76510774418546,41.0963942830152,0,0.10264358500380957,,Left Foot,Open Play,Normal,Regular Play,False,True,True,2.0,0.0,5.681209920810343,0.4281994892771741,19.90655999614318
17,FIFA World Cup 2018,2,398,Team E,Team I,Player 262,93,48,100.10494720057696,30.8464390782867,0,0.05923864635014902,,Right Foot,Free Kick,Normal,Regular Play,False,False,True,1.0,1.0,1.1711003733474261,0.6724494832066359,23.10453161241957
17,FIFA World Cup 2018,2,399,Team I,Team E,Player 5,45,3,109.63813937607219,29.421366013710436,1,0.14714963195669245,,Right Foot,Open Play,Normal,From Corner,False,True,True,1.0,2.0,0.6944772764134948,2.4532206781269643,11.989113498036602
17,FIFA World Cup 2018,2,400,Team I,Team E,Player 218,86,20,113.29781723326597,43.84706098275218,0,0.4083539245155619,,Left Foot,Free Kick,Normal,From Corner,True,False,True,0.0,1.0,0.8054283616865577,5.124049793118248,4.219667539273033
17,FIFA World Cup 2018,1,401,Team E,Team I,Player 226,11,25,113.00223908817253,36.41055198981631,0,0.4707100848362331,,Left Foot,Open Play,Normal,From Counter,False,False,True,1.0,1.0,3.1736969161385153,2.3498463661063145,3.694713401538288
17,FIFA World Cup 2018,2,402,Team I,Team E,Player 144,54,38,101.71073062299946,46.178027593551384,0,0.05165870324381041,,Right Foot,Open Play,Normal,Regular Play,False,False,False,2.0,4.0,0.8347092699204756,1.4005179987055296,19.807443201731367
17,FIFA World Cup 2018,1,403,Team I,Team E,Player 179,28,38,116.09193257642931,27.903622211903098,0,0.07112569361861494,,Right Foot,Open Play,Normal,Regular Play,True,False,False,2.0,1.0,0.6403015343101902,2.6258359191302634,10.764526039205021
17,FIFA World Cup 2018,2,404,Team I,Team E,Player 387,73,9,110.31119908833925,42.55131259491447,1,0.270045523438885,,Right Foot,Open Play,Normal,From Corner,True,False,True,1.0,0.0,2.762744712372185,1.3679059975009358,6.945946610498869
17,FIFA World Cup 2018,2,405,Team E,Team I,Player 324,93,24,111.97107862503945,37.77535901608235,0,0.4204367551343078,,Left Foot,Open Play,Normal,From Counter,False,False,False,2.0,0.0,2.398324439622703,4.104811870811389,2.4573498158779277
17,FIFA World Cup 2018,1,406,Team I,Team E,Player 20,2,33,63.30611101047408,52.44031575880527,0,0.0003509357700528024,,Right Foot,Open Play,Normal,From Free Kick,True,True,False,4.0,4.0,2.003288877839784,1.9983104452226252,56.312337308216456
17,FIFA World Cup 2018,1,407,Team E,Team I,Player 399,0,33,111.88157787923132,52.232160579504736,0,0.1416183237362566,,Left Foot,Open Play,Normal,Regular Play,False,True,False,1.0,1.0,0.6887221865495292,3.612340501564743,9.858305667581808
17,FIFA World Cup 2018,1,408,Team E,Team I,Player 297,10,6,100.56556367975077,19.591111405925307,0,0.02546789041250098,,Head,Open Play,Normal,From Corner,False,True,False,0.0,0.0,4.27024155712791,5.194683310407028,26.344149597418507
17,FIFA World Cup 2018,1,409,Team E,Team I,Player 381,24,52,108.70089566181791,56.53521555433757,0,0.02964405281564906,,Right Foot,Open Play,Normal,Regular Play,False,False,False,4.0,1.0,4.199783491702388,1.5912224254314133,14.85437376325513
17,FIFA World Cup 2018,1,410,Team E,Team I,Player 123,23,32,113.81085238975845,49.60931622735,0,0.159979837420957,,Left Foot,Open Play,Normal,From Free Kick,False,False,False,2.0,0.0,2.5711894650637013,2.298169545727657,10.51151975101153
17,FIFA World Cup 2018,1,411,Team E,Team I,Player 144,0,59,118.27597354767043,56.02357736007889,0,0.09027678541827315,,Left Foot,Open Play,Normal,From Counter,False,True,False,1.0,2.0,0.802808458388691,2.036946264693705,13.071427552735734
17,FIFA World Cup 2018,2,412,Team E,Team I,Player 275,63,20,94.38776893618024,41.615526781706976,0,0.03886451506443616,,Right Foot,Open Play,Normal,Regular Play,False,False,True,0.0,3.0,1.0397218808299564,2.1361011647073833,24.931674029707132
17,FIFA World Cup 2018,1,413,Team I,Team E,Player 82,4,19,110.89428031839769,53.121379864479806,0,0.07279075010566051,,Left Foot,Open Play,Normal,Regular Play,True,False,True,1.0,1.0,2.034460320985093,3.520736307482953,13.574467567127607
17,FIFA World Cup 2018,1,414,Team I,Team E,Player 196,36,39,91.7086015362523,42.90121680574726,0,0.031643444349043634,,Right Foot,Open Play,Normal,From Throw In,False,True,True,1.0,2.0,1.8656763208350167,3.392088209533916,24.19801488557542
18,UEFA Euro 2020,2,415,Team K,Team J,Player 313,57,30,100.3455007818061,31.328062320394046,0,0.040413149411753224,,Right Foot,Free Kick,Normal,Regular Play,False,False,False,2.0,3.0,2.387470836869502,2.6150595511300767,19.158912624326835
18,UEFA Euro 2020,1,416,Team J,Team K,Player 246,31,43,110.71806251311612,20.01204267967832,0,0.04060059707303714,,Right Foot,Open Play,Normal,Regular Play,True,True,True,1.0,1.0,4.11229291807702,2.7516626971207883,18.156061743221553
18,UEFA Euro 2020,1,417,Team K,Team J,Player 45,12,13,116.79700870365721,36.4972664308746,1,0.7603189512961963,,Right Foot,Open Play,Normal,Regular Play,False,True,False,1.0,1.0,3.1428098733065615,1.398491433889202,3.33693254892434
18,UEFA Euro 2020,2,418,Team K,Team J,Player 197,50,9,69.93379947553518,46.117725517189996,0,0.0007577728855107062,,Left Foot,Open Play,Normal,Regular Play,False,False,True,4.0,5.0,1.5638909419146183,2.615513499722767,50.5581158834099
18,UEFA Euro 2020,1,419,Team K,Team J,Player 202,37,26,91.37322004758506,36.123043925575196,0,0.027244225180332593,,Left Foot,Open Play,Normal,Regular Play,False,False,False,1.0,0.0,1.060220684744066,2.5376881450958124,24.900114977645657
18,UEFA Euro 2020,2,420,Team K,Team J,Player 132,76,8,114.81544123344433,44.60922664243779,0,0.35817404248136137,,Head,Free Kick,Normal,Regular Play,False,True,False,1.0,3.0,1.264769135986208,0.1,5.707772365397745
18,UEFA Euro 2020,1,421,Team K,Team J,Player 20,39,43,109.3530949301247,45.94144063654046,0,0.047127070905601455,,Left Foot,Open Play,Normal,Regular Play,True,False,False,6.0,4.0,1.7886283823411742,0.1,12.178249930519748
18,UEFA Euro 2020,2,422,Team J,Team K,Player 273,91,48,99.07867136616501,48.44076576965715,0,0.0635169812348749,,Right Foot,Open Play,Normal,From Counter,True,True,False,1.0,1.0,2.764744198371809,3.293790080709007,19.64220822882235
18,UEFA Euro 2020,2,423,Team K,Team J,Player 202,56,28,117.95644907864381,36.35701566542636,1,0.8566800666517221,,Right Foot,Open Play,Normal,From Counter,False,True,False,1.0,0.0,0.7706124951144289,1.1446863991708254,0.6888710865026608
18,UEFA Euro 2020,1,424,Team K,Team J,Player 106,8,35,106.11816564603258,46.652248943337796,1,0.08404946427987486,,Head,Open Play,Normal,Regular Play,False,True,True,2.0,1.0,5.020442388770166,2.2623445951302656,8.855600996847489
18,UEFA Euro 2020,2,425,Team J,Team K,Player 364,74,24,100.57848301186365,39.71103627360835,0,0.09048958224601426,,Right Foot,Open Play,Normal,Regular Play,True,True,True,1.0,0.0,2.054205159042917,3.473698458015662,16.911950172366897
18,UEFA Euro 2020,2,426,Team K,Team J,Player 101,78,44,116.49155678231978,40.101328618952984,1,0.8935993510071023,,Left Foot,Open Play,Normal,Regular Play,False,True,True,0.0,2.0,5.174029018523959,1.6121745877025018,3.7519475383283125
18,UEFA Euro 2020,2,427,Team J,Team K,Player 349,92,47,116.90221059145304,44.26003661891001,0,0.6770460533555008,,Right Foot,Open Play,Normal,From Goal Kick,False,False,True,0.0,0.0,3.7567443941077845,3.646655710663337,2.0421355730993347
18,UEFA Euro 2020,2,428,Team K,Team J,Player 375,66,30,89.2462328402785,46.08894555468204,0,0.009224713842859568,,Right Foot,Open Play,Normal,Regular Play,True,False,True,3.0,1.0,2.3291040843181166,1.6616269649523019,30.984818891139945
18,UEFA Euro 2020,1,429,Team K,Team J,Player 29,30,1,113.02132224714133,40.50113603224955,0,0.2939796335476315,,Head,Free Kick,Normal,Regular Play,True,True,True,3.0,1.0,0.5390639133948166,0.42793821721549063,7.495665723676073
18,UEFA Euro 2020,1,430,Team K,Team J,Player 262,37,1,103.5420470810554,10.192972829409552,0,0.007894482547389121,,Right Foot,Free Kick,Normal,From Throw In,False,False,False,3.0,0.0,2.6465901011767117,3.9535902337121667,31.832310609663914
18,UEFA Euro 2020,1,431,Team J,Team K,Player 185,43,23,109.48213745606068,52.46644596514031,0,0.027027847921975403,,Head,Open Play,Normal,From Corner,True,False,False,3.0,2.0,0.7220632451240276,0.7132869712775647,16.719149446775173
18,UEFA Euro 2020,2,432,Team K,Team J,Player 155,85,34,115.41642626872112,47.69460787104619,1,0.2771999214211546,,Right Foot,Open Play,Normal,Regular Play,True,True,True,1.0,0.0,2.582746839212012,0.6944737256032805,9.050595339282156
18,UEFA Euro 2020,2,433,Team K,Team J,Player 271,88,39,92.34274355201933,38.31398830491544,0,0.024529217100266357,,Other,Open Play,Normal,Regular Play,False,False,False,2.0,1.0,4.4851141440496445,1.0818938533544538,28.918662115435442
18,UEFA Euro 2020,2,434,Team K,Team J,Player 370,64,39,108.08252284969284,49.82996899070384,0,0.16002603785682112,,Right Foot,Open Play,Normal,Regular Play,False,False,True,0.0,0.0,0.9196848080737221,0.8804838508163269,13.868281323629704
18,UEFA Euro 2020,2,435,Team K,Team J,Player 5,51,21,114.83551448028996,45.42611556733538,0,0.3694738193251025,,Left Foot,Open Play,Normal,Regular Play,False,False,True,1.0,2.0,5.461529965780413,4.059974023453085,3.265363746029318
18,UEFA Euro 2020,2,436,Team J,Team K,Player 14,47,1,102.12416949384358,42.085059305055815,0,0.06535308136261639,,Left Foot,Open Play,Normal,From Counter,False,False,False,4.0,1.0,1.9652283601530574,3.1778696882615707,15.738795506787621
18,UEFA Euro 2020,2,437,Team K,Team J,Player 292,66,28,107.87892748075836,36.75900579086917,0,0.16930559535289252,,Right Foot,Open Play,Normal,From Throw In,True,False,True,1.0,1.0,5.720726481864146,0.1,12.338557319734099
18,UEFA Euro 2020,2,438,Team K,Team J,Player 106,87,9,118.84619702071204,35.41068263862678,1,0.5946422486590618,,Right Foot,Open Play,Normal,From Free Kick,False,False,True,0.0,1.0,1.401179592377055,2.2838808388249063,0.5204803357192569
18,UEFA Euro 2020,2,439,Team K,Team J,Player 295,86,29,82.23718344731245,36.31084803159186,0,0.001990760512916591,,Right Foot,Corner,Normal,Regular Play,True,False,False,6.0,2.0,0.20400100236049148,2.939870564259627,36.92836270094109
18,UEFA Euro 2020,1,440,Team K,Team J,Player 289,15,9,100.07779269287349,35.06807893920116,0,0.046519663631746526,,Head,Corner,Normal,From Counter,True,True,False,2.0,0.0,2.520266473782466,3.9242445386867804,20.691102314916556
18,UEFA Euro 2020,2,441,Team K,Team J,Player 3,93,17,88.15794032845446,35.92081630144837,0,0.010427058940297083,,Head,Open Play,Normal,From Goal Kick,False,False,True,0.0,3.0,3.2197743757537043,1.2144577879322427,31.675560056236016
18,UEFA Euro 2020,2,442,Team J,Team K,Player 174,47,6,107.54512236904517,55.70777746019298,0,0.049296217990177624,,Left Foot,Open Play,Normal,Regular Play,False,False,True,2.0,1.0,1.5241501025115827,2.2763607943651434,19.051089706423898
18,UEFA Euro 2020,2,443,Team J,Team K,Player 21,67,10,110.5319971064773,45.14304771172965,0,0.1436232683682967,,Head,Open Play,Normal,From Throw In,False,True,False,3.0,1.0,4.4170891925743545,4.315464009704243,3.9565754341059756
19,FIFA World Cup 2022,2,444,Team E,Team L,Player 313,83,27,111.30010825054028,34.26298168295456,1,0.19133207082002854,,Head,Open Play,Normal,From Corner,True,True,True,0.0,2.0,1.4216947054459244,0.6143605026266883,7.996346212850206
19,FIFA World Cup 2022,2,445,Team E,Team L,Player 298,81,31,116.40742668732013,51.833464430778655,0,0.13744708826522914,,Left Foot,Free Kick,Normal,Regular Play,False,True,False,2.0,0.0,0.6319626417495056,2.3589120904048966,10.824892733292439
19,FIFA World Cup 2022,2,446,Team L,Team E,Player 122,49,50,114.085810859757,4.8518464698311945,0,0.00693430406868103,,Right Foot,Open Play,Normal,From Counter,False,False,True,3.0,0.0,3.582783853191413,2.6109908935847286,31.810248499711665
19,FIFA World Cup 2022,2,447,Team E,Team L,Player 158,67,42,110.98107795467581,28.89789217825685,0,0.10507421617345093,,Left Foot,Open Play,Normal,From Corner,True,False,False,1.0,0.0,1.0097517431218523,2.797342070616257,11.650136285428195
19,FIFA World Cup 2022,2,448,Team L,Team E,Player 299,78,30,105.99441976373276,58.47174436520716,0,0.05923022904936487,,Left Foot,Open Play,Normal,From Goal Kick,False,True,False,1.0,0.0,1.0797907375386857,3.859314767327982,20.70634390155803
19,FIFA World Cup 2022,2,449,Team E,Team L,Player 244,85,57,72.5732000973426,39.32006590006646,0,0.0003571732122154186,,Head,Open Play,Normal,From Counter,True,False,False,7.0,3.0,0.32594397501380656,0.8294841805072097,49.062097918090345
19,FIFA World Cup 2022,2,450,Team L,Team E,Player 374,82,46,105.44065213452882,36.59752837740038,0,0.05393321687542222,,Head,Open Play,Normal,Regular Play,True,False,True,2.0,1.0,5.24989678998524,5.012183984524965,7.804563923875387
19,FIFA World Cup 2022,2,451,Team L,Team E,Player 237,53,12,108.16185662705699,29.87830213491322,1,0.15034817164844166,,Left Foot,Open Play,Normal,From Throw In,False,True,False,1.0,1.0,2.344956468923919,3.3597582451724906,11.968068129363456
19,FIFA World Cup 2022,1,452,Team L,Team E,Player 355,17,45,99.57781463066581,34.64231758385802,0,0.07071827364397304,,Right Foot,Open Play,Normal,Regular Play,False,True,True,2.0,1.0,2.2208184517581233,0.565830078878286,19.466098946277818
19,FIFA World Cup 2022,1,453,Team E,Team L,Player 372,30,34,72.69726278765901,17.679199092889135,0,0.00041301646714525465,,Left Foot,Open Play,Normal,From Corner,True,False,True,6.0,1.0,0.3694764791589747,2.6916596612746484,49.54713738752243
19,FIFA World Cup 2022,2,454,Team E,Team L,Player 372,60,34,106.00416461504264,22.011401552959473,0,0.02293212877190876,,Left Foot,Open Play,Normal,Regular Play,True,False,True,3.0,0.0,1.3709697481955796,2.3445635368751296,20.21685649726952
19,FIFA World Cup 2022,2,455,Team L,Team E,Player 358,48,41,114.85940809670998,48.074291985893964,0,0.23803289074601608,,Left Foot,Open Play,Normal,From Goal Kick,False,False,True,1.0,1.0,3.8573217417802836,0.2652676383850303,9.541696818628607
19,FIFA World Cup 2022,2,456,Team L,Team E,Player 129,50,4,98.39362500318866,40.825125645805805,0,0.034953972908878625,,Right Foot,Open Play,Normal,Regular Play,True,False,False,3.0,0.0,2.346179335312652,1.766460955519647,22.240427009585865
19,FIFA World Cup 2022,2,457,Team L,Team E,Player 80,60,31,111.34684822146534,26.28526699099129,0,0.10335210554481887,,Right Foot,Open Play,Normal,From Counter,True,False,True,0.0,1.0,3.9923258738715415,1.6818433703525755,16.452959805393135
19,FIFA World Cup 2022,2,458,Team E,Team L,Player 259,74,56,98.28703430141505,32.555108680214346,0,0.04252857549160826,,Left Foot,Open Play,Normal,Regular Play,False,True,True,3.0,2.0,3.1018639660776395,2.130092906385909,24.841922283936622
19,FIFA World Cup 2022,2,459,Team L,Team E,Player 73,66,8,67.77487944116638,32.0374007969001,0,0.0003613607830307043,,Right Foot,Open Play,Normal,Regular Play,False,False,True,6.0,5.0,1.9962895433497474,3.3523709823598935,50.169807165678186
19,FIFA World Cup 2022,2,460,Team E,Team L,Player 236,85,15,115.56572233244282,31.648982737946113,0,0.22690243081631362,,Left Foot,Open Play,Normal,Regular Play,False,False,False,0.0,3.0,1.184991140686672,2.0284373630592776,8.916100313318179
19,FIFA World Cup 2022,2,461,Team L,Team E,Player 361,80,17,116.04692881462779,45.836194354448125,0,0.2655112921674306,,Head,Open Play,Normal,Regular Play,False,False,True,1.0,1.0,3.7692282732072426,3.2173490614355007,3.308368937374853
19,FIFA World Cup 2022,1,462,Team E,Team L,Player 128,13,7,84.92141552531703,60.22116610435599,0,0.002926000383640747,,Right Foot,Open Play,Normal,Regular Play,True,False,True,3.0,1.0,1.6994504381716085,3.43351979693253,36.65892207971005
20,UEFA Euro 2024,2,463,Team S,Team J,Player 141,75,36,114.54282280829561,27.144940710791623,0,0.13154139999713946,,Left Foot,Open Play,Normal,Regular Play,False,True,True,1.0,2.0,0.25523141166146446,1.0344896766035547,15.669550931793646
20,UEFA Euro 2024,2,464,Team S,Team J,Player 247,90,7,108.15411681518088,43.42787231242058,0,0.21162859579017881,,Right Foot,Open Play,Normal,From Counter,True,True,False,2.0,1.0,1.7270708707456226,3.2669413276400205,8.718390993178255
20,UEFA Euro 2024,2,465,Team J,Team S,Player 160,91,5,116.37773971991912,23.03599683920991,0,0.07852228659277614,,Right Foot,Free Kick,Normal,From Corner,False,True,True,1.0,1.0,1.2055550662748502,2.5007898498676076,13.896284895094057
20,UEFA Euro 2024,1,466,Team S,Team J,Player 155,35,12,113.77871162501265,46.589978407817775,0,0.34941777985699896,,Right Foot,Open Play,Normal,Regular Play,False,False,False,0.0,1.0,0.2,2.2811668488366514,8.688363901794864
20,UEFA Euro 2024,2,467,Team S,Team J,Player 201,86,41,115.7562897154466,37.279255160509706,0,0.7795839508344253,,Right Foot,Open Play,Normal,From Counter,True,True,True,0.0,0.0,6.37513397227291,4.102097002360863,0.2
20,UEFA Euro 2024,1,468,Team J,Team S,Player 187,5,2,106.94451284197142,39.34611638549622,0,0.2907176944095959,,Left Foot,Open Play,Normal,Regular Play,False,True,True,0.0,1.0,6.564724180424716,1.9335764640615813,8.577108969629876
20,UEFA Euro 2024,2,469,Team S,Team J,Player 193,87,23,88.33518187908595,50.514169303889716,0,0.012231756401575412,,Right Foot,Open Play,Normal,From Corner,False,False,True,1.0,3.0,3.642520288802532,0.838020254409104,32.98890332351192
20,UEFA Euro 2024,1,470,Team J,Team S,Player 132,36,9,108.71066764556119,10.045302558374363,0,0.007725892030018492,,Right Foot,Open Play,Normal,Regular Play,True,False,False,2.0,1.0,1.520485537111212,3.1340525138382933,28.894485091293895
20,UEFA Euro 2024,2,471,Team J,Team S,Player 9,88,54,102.8060394957682,27.56434603844299,1,0.0786101339952867,,Right Foot,Open Play,Normal,From Free Kick,False,True,True,1.0,1.0,3.8631916214519384,0.1,20.423245948883352
20,UEFA Euro 2024,2,472,Team J,Team S,Player 399,55,47,106.65868165652252,34.25237945311133,0,0.12320582562481175,,Head,Open Play,Normal,From Corner,False,False,False,0.0,0.0,0.41240403530539294,5.978560736271425,10.447483552944163
20,UEFA Euro 2024,1,473,Team S,Team J,Player 292,30,39,91.18633506679083,39.00251070931353,0,0.02432004242104132,,Right Foot,Open Play,Normal,Regular Play,True,False,True,0.0,1.0,3.5442795647375926,3.2444216382433946,29.202005709075323
20,UEFA Euro 2024,1,474,Team S,Team J,Player 261,3,14,108.40532038837351,34.16102449057826,0,0.24406962387881445,,Left Foot,Open Play,Normal,Regular Play,False,True,True,0.0,3.0,4.209845026024575,2.2388235337171603,11.715163389519304
20,UEFA Euro 2024,2,475,Team J,Team S,Player 262,60,37,107.39884059483863,30.960124100939375,0,0.12280667149621477,,Left Foot,Open Play,Normal,From Corner,False,False,True,1.0,1.0,2.494155614455609,2.5499324184352172,12.757784722729594
20,UEFA Euro 2024,1,476,Team S,Team J,Player 302,17,57,97.0660548720597,52.39080554804733,0,0.040977792491674526,,Right Foot,Open Play,Normal,From Counter,True,False,False,0.0,0.0,3.2335886025637364,4.322900412079457,22.82913950036389
20,UEFA Euro 2024,2,477,Team S,Team J,Player 146,79,23,84.97048652998419,45.63922185600153,0,0.007888316155255292,,Right Foot,Open Play,Normal,Regular Play,True,False,True,1.0,2.0,5.0309673965380295,1.9307598227122016,34.3316788307459
20,UEFA Euro 2024,2,478,Team J,Team S,Player 68,94,55,117.38454536835124,38.65878851666309,1,0.9181384950886678,,Right Foot,Open Play,Normal,Regular Play,False,True,False,1.0,1.0,3.22687894295313,0.3104624355433705,0.2
20,UEFA Euro 2024,1,479,Team J,Team S,Player 132,15,25,101.93103052156593,39.88180972550436,0,0.0880094394606949,,Left Foot,Free Kick,Normal,Regular Play,False,False,False,2.0,0.0,0.44380232550456405,0.6983457694278377,14.828872500501845
20,UEFA Euro 2024,2,480,Team S,Team J,Player 173,92,18,107.97213616520592,28.19623740231454,0,0.03819478015608249,,Right Foot,Open Play,Normal,From Free Kick,True,True,True,5.0,2.0,1.6387938851616468,1.7174771538482712,14.56186747173738
20,UEFA Euro 2024,2,481,Team J,Team S,Player 47,76,52,117.63062524037335,32.345123241349555,0,0.20077204813337893,,Left Foot,Open Play,Normal,From Corner,False,True,True,3.0,1.0,0.438796520769105,1.5792073678703482,6.7554855698328105
20,UEFA Euro 2024,2,482,Team J,Team S,Player 259,63,56,101.28314917695698,18.25095351655451,0,0.01017385649395126,,Head,Open Play,Normal,From Corner,False,False,False,1.0,3.0,1.0581664870987602,4.969362681502483,24.076451432113725
20,UEFA Euro 2024,2,483,Team J,Team S,Player 106,52,12,112.27378114582068,28.497189237388014,0,0.10340393632149421,,Right Foot,Open Play,Normal,Regular Play,True,False,True,1.0,0.0,2.259485942905111,1.8410009700422858,10.02920478257792
20,UEFA Euro 2024,2,484,Team J,Team S,Player 61,70,20,62.96169163050929,39.3579383020479,0,0.0006176316414376584,,Head,Open Play,Normal,Regular Play,True,False,False,0.0,0.0,3.2063029809971226,0.5248195667995808,56.91068508293889
20,UEFA Euro 2024,1,485,Team J,Team S,Player 294,33,41,114.44698651675563,49.580477689766326,0,0.16154527141119324,,Left Foot,Open Play,Normal,Regular Play,False,False,True,0.0,4.0,2.251682348541022,2.2613289557379206,6.629334695530813
20,UEFA Euro 2024,1,486,Team J,Team S,Player 142,8,55,105.17253764778576,16.54048667359868,1,0.01996430533647163,,Left Foot,Open Play,Normal,Regular Play,True,True,True,2.0,0.0,3.6829132754230556,1.5612087630708595,23.546136030509704
20,UEFA Euro 2024,1,487,Team J,Team S,Player 72,9,42,108.62550559588132,45.7499180146774,0,0.21196653202123783,,Left Foot,Open Play,Normal,Regular Play,False,False,False,1.0,0.0,1.2139909354305989,1.6946909287388694,11.019421142735904
20,UEFA Euro 2024,2,488,Team J,Team S,Player 353,53,46,107.86372136706241,50.0573453885253,0,0.06358051309797998,,Head,Open Play,Normal,From Corner,False,False,False,2.0,0.0,6.657174158474523,2.6022985256313236,14.846780065544738
20,UEFA Euro 2024,1,489,Team S,Team J,Player 166,23,41,98.00216797523939,36.86172021373695,0,0.04356902983433472,,Right Foot,Open Play,Normal,Regular Play,True,False,True,1.0,1.0,3.9559917543393817,1.6517819499408408,20.853370178659986
20,UEFA Euro 2024,1,490,Team J,Team S,Player 119,29,21,103.76354131806943,33.99528057816855,0,0.06856129561797059,,Head,Free Kick,Normal,From Goal Kick,True,True,True,1.0,0.0,3.477563990017652,1.602569407063708,13.279541202852903
20,UEFA Euro 2024,1,491,Team J,Team S,Player 172,18,39,92.9960669774403,45.547393520312646,0,0.023895403009023177,,Other,Open Play,Normal,From Corner,False,False,False,1.0,3.0,4.658043558076884,1.5037289444307271,24.192806471381815
20,UEFA Euro 2024,2,492,Team J,Team S,Player 32,70,50,113.67768563577486,44.620140400393815,0,0.45395822619864223,,Left Foot,Open Play,Normal,Regular Play,False,False,True,0.0,1.0,3.0438695701770446,1.1531915550969325,2.9109551184606985
20,UEFA Euro 2024,1,493,Team J,Team S,Player 212,33,36,117.08793955709578,59.716310662442815,0,0.05306570237397505,,Left Foot,Open Play,Normal,Regular Play,False,True,True,1.0,2.0,1.536877448233554,2.59456268856693,18.929109153760916
20,UEFA Euro 2024,2,494,Team S,Team J,Player 302,89,29,114.88926577607367,21.08510300047638,0,0.037435237292708104,,Right Foot,Open Play,Normal,From Throw In,True,False,True,1.0,1.0,1.2544427100152455,1.6420320040365466,19.187253586406797
21,FIFA World Cup 2018,2,495,Team H,Team P,Player 149,68,15,110.84059340879777,48.80075518241385,0,0.19028498129096166,,Right Foot,Open Play,Normal,Regular Play,False,False,True,1.0,0.0,4.084353721240679,0.2864113335805283,13.070829114315952
21,FIFA World Cup 2018,2,496,Team H,Team P,Player 237,50,26,97.48762541002506,42.145000738844594,0,0.032952153932668135,,Head,Open Play,Normal,From Corner,True,False,False,0.0,0.0,1.2764119950233688,3.412326907196109,20.353034500588823
21,FIFA World Cup 2018,1,497,Team P,Team H,Player 268,5,5,108.85630753908671,30.05462162784282,0,0.11118514224038867,,Right Foot,Open Play,Normal,Regular Play,False,True,True,3.0,1.0,2.2136732781601576,1.9635628508474485,11.812924538447756
21,FIFA World Cup 2018,1,498,Team H,Team P,Player 379,1,25,103.75456310145404,34.502361246320355,0,0.1359252772528209,,Right Foot,Open Play,Normal,From Counter,False,True,False,2.0,1.0,11.383744695804781,3.039718191241357,12.961289361074156
21,FIFA World Cup 2018,1,499,Team P,Team H,Player 372,29,58,114.20717232209937,51.40474975750227,0,0.09567414502234095,,Right Foot,Open Play,Normal,From Free Kick,True,True,True,3.0,0.0,2.0453424646044756,2.866630489852927,9.203083321800042
21,FIFA World Cup 2018,2,500,Team H,Team P,Player 324,63,15,80.5446263113119,29.630637126393133,0,0.003956563141557316,,Right Foot,Open Play,Normal,Regular Play,False,True,True,4.0,2.0,2.7044319909789114,3.135868659519897,38.78172210590509
21,FIFA World Cup 2018,2,501,Team H,Team P,Player 366,60,5,107.59343980460815,24.91348744411436,0,0.027142893285006388,,Head,Open Play,Normal,Regular Play,False,False,True,3.0,0.0,1.2238738636059965,3.1802056023871232,16.268670933136782
21,FIFA World Cup 2018,1,502,Team P,Team H,Player 376,1,3,103.50572865533984,46.96129240866625,0,0.04666048855120402,,Right Foot,Open Play,Normal,From Throw In,True,True,False,4.0,2.0,1.4228350934364233,4.056631708832488,14.086323687885864
21,FIFA World Cup 2018,1,503,Team H,Team P,Player 271,33,55,102.16460517379247,50.96471954270956,0,0.0762564495836666,,Left Foot,Open Play,Normal,Regular Play,False,False,True,0.0,1.0,5.428625701613849,1.783185983284021,18.61626595311928
21,FIFA World Cup 2018,1,504,Team P,Team H,Player 205,20,30,103.04745874670223,32.805504615224436,0,0.0708349035924497,,Right Foot,Free Kick,Normal,Regular Play,False,False,True,2.0,1.0,4.182074566960067,3.801026016419316,12.836776382865416
21,FIFA World Cup 2018,1,505,Team H,Team P,Player 152,40,48,98.88783134960951,37.190749469603055,0,0.03365645219572642,,Right Foot,Open Play,Normal,Regular Play,True,False,True,2.0,3.0,1.2830761662381407,1.915851139889948,22.038252635422023
21,FIFA World Cup 2018,1,506,Team P,Team H,Player 74,43,52,112.03448323623546,37.53544223142066,1,0.4814194194568926,,Left Foot,Open Play,Normal,From Corner,False,False,True,0.0,0.0,1.1639380899093699,2.67486571303078,3.833551041066335
21,FIFA World Cup 2018,1,507,Team P,Team H,Player 314,13,59,108.00862340671935,31.74121899378746,0,0.07538422462973147,,Head,Open Play,Normal,From Corner,False,False,False,2.0,0.0,1.4619591513609345,4.777473078871134,9.10591109788295
21,FIFA World Cup 2018,2,508,Team P,Team H,Player 244,60,20,99.4174345879903,37.828358905689036,0,0.04733335355254016,,Left Foot,Open Play,Normal,Regular Play,False,False,False,3.0,1.0,0.5761141739091645,2.05044364590694,20.61089396207269
21,FIFA World Cup 2018,1,509,Team H,Team P,Player 30,25,45,106.64000737712418,53.12741459086839,0,0.08195695494985657,,Right Foot,Open Play,Normal,From Corner,False,False,True,1.0,0.0,0.8475022593764993,1.1636354132187934,16.03917171052412
21,FIFA World Cup 2018,2,510,Team P,Team H,Player 159,91,52,96.0196139339698,51.22574171131967,0,0.014228151133248145,,Right Foot,Open Play,Normal,Regular Play,False,False,False,4.0,3.0,4.008998002301265,1.6310689322756526,25.921874011954973
21,FIFA World Cup 2018,2,511,Team P,Team H,Player 155,81,33,109.82258891589831,34.3635975953798,1,0.2228946053540789,,Right Foot,Open Play,Normal,From Counter,False,False,False,2.0,1.0,3.835128246625949,2.381081689758258,8.864678228374618
21,FIFA World Cup 2018,1,512,Team P,Team H,Player 252,16,56,111.53067461408803,25.44769362806501,0,0.07500070610777913,,Other,Open Play,Normal,From Corner,False,False,False,1.0,2.0,5.0152675398128155,2.006983683880943,15.465706278459814
21,FIFA World Cup 2018,2,513,Team H,Team P,Player 131,75,54,111.78072316940727,38.0929645907579,0,0.533985838603013,,Left Foot,Open Play,Normal,From Free Kick,False,True,True,0.0,1.0,2.6859455300187376,4.022599594120692,5.639576283693263
21,FIFA World Cup 2018,1,514,Team H,Team P,Player 41,17,28,117.14872851773075,40.768410391233665,1,0.9154008491584423,,Right Foot,Open Play,Normal,Regular Play,False,False,False,0.0,0.0,3.2635031198830524,1.8428516969355933,0.2
21,FIFA World Cup 2018,2,515,Team P,Team H,Player 314,71,10,85.20299110560566,41.48275164559663,0,0.015361384442842062,,Right Foot,Open Play,Normal,From Goal Kick,False,False,True,0.0,1.0,0.6878078519530015,3.119193085221488,31.38675202726754
21,FIFA World Cup 2018,1,516,Team P,Team H,Player 16,29,42,108.0,40.0,1,0.759510916949111,,Head,Penalty,Normal,Regular Play,True,False,True,2.0,0.0,4.419204083944386,2.7238576670247743,6.951255074302165
21,FIFA World Cup 2018,1,517,Team H,Team P,Player 56,9,18,119.02661070863773,38.115098895340545,1,0.9737334520826572,,Right Foot,Open Play,Normal,From Throw In,True,True,True,0.0,1.0,1.6036529234387766,3.1271857730373047,0.2
21,FIFA World Cup 2018,2,518,Team P,Team H,Player 97,65,37,88.49703785661052,47.449833933885344,0,0.007939101099598386,,Right Foot,Open Play,Normal,From Corner,False,False,True,4.0,2.0,3.59859558300361,1.1414518852845739,31.562826181671866
21,FIFA World Cup 2018,2,519,Team P,Team H,Player 307,65,29,90.72839757854304,38.78981530168626,0,0.0328437372839926,,Right Foot,Open Play,Normal,Regular Play,False,True,True,0.0,3.0,1.433430887643742,3.8034842857994065,26.89459569011523
21,FIFA World Cup 2018,1,520,Team P,Team H,Player 312,32,57,115.67110317407098,42.13757559593071,0,0.5968997284931767,,Head,Open Play,Normal,From Throw In,True,False,False,0.0,0.0,0.9440181333707969,3.5173113874932254,3.4217430111150295
21,FIFA World Cup 2018,1,521,Team P,Team H,Player 240,28,37,105.13473268830397,43.50727344154501,0,0.15198455158649052,,Right Foot,Open Play,Normal,Regular Play,False,True,True,1.0,3.0,3.364916713760526,2.788466587005519,10.556702892144715
21,FIFA World Cup 2018,2,522,Team H,Team P,Player 389,77,28,113.61569556099046,60.233131228499516,0,0.020384766584476906,,Right Foot,Open Play,Normal,Regular Play,True,False,False,2.0,3.0,8.079147629182168,3.3634741979175216,17.04369442551429
22,UEFA Euro 2020,2,523,Team K,Team M,Player 227,92,56,112.53262122885575,56.68991700262744,0,0.02222586306120584,,Right Foot,Corner,Normal,From Throw In,True,False,False,5.0,0.0,0.21048284104260107,3.157425013368395,15.026775204463014
22,UEFA Euro 2020,2,524,Team M,Team K,Player 175,57,59,101.87772216543594,45.76804979971928,0,0.06879069842952427,,Right Foot,Open Play,Normal,From Counter,True,False,True,2.0,0.0,2.6927938236821722,1.1515215212429035,16.171978046561893
22,UEFA Euro 2020,1,525,Team K,Team M,Player 229,24,51,73.39628889110004,29.239454466647317,0,0.0015265490609124173,,Right Foot,Free Kick,Normal,From Free Kick,False,False,False,3.0,3.0,3.714481224335425,0.25465568461071664,47.48056797685873
22,UEFA Euro 2020,2,526,Team M,Team K,Player 254,64,59,95.39906296973079,40.83651829310178,0,0.03001364059387182,,Right Foot,Open Play,Normal,Regular Play,False,False,False,3.0,0.0,3.6969653203078905,4.294601393660711,20.26947775921454
22,UEFA Euro 2020,2,527,Team M,Team K,Player 161,50,19,102.93820112158195,26.717198470921957,0,0.04319052870700545,,Left Foot,Free Kick,Normal,From Free Kick,False,False,False,1.0,3.0,2.466077541405363,4.734785167898488,15.034225938790003
22,UEFA Euro 2020,2,528,Team M,Team K,Player 170,70,18,107.62844059713716,34.30369508743211,0,0.16976666293169362,,Right Foot,Open Play,Normal,From Counter,True,True,True,2.0,1.0,8.813309510668425,1.2350917718443173,11.01319912915699
22,UEFA Euro 2020,1,529,Team M,Team K,Player 290,7,51,80.08858329740633,47.768735939330526,0,0.0023954862949884304,,Left Foot,Open Play,Normal,Regular Play,False,False,False,5.0,2.0,4.072251490276683,1.6508350826808438,38.32181641068135
22,UEFA Euro 2020,1,530,Team M,Team K,Player 386,9,40,115.38287533532325,43.37703985988044,1,0.6199002903277926,,Left Foot,Open Play,Normal,Regular Play,False,False,True,1.0,0.0,2.5541949293209174,2.793602422225205,1.218046762188048
22,UEFA Euro 2020,2,531,Team M,Team K,Player 145,86,28,93.94348047168639,27.786215710726232,0,0.027930764651791302,,Right Foot,Open Play,Normal,Regular Play,True,True,False,1.0,0.0,0.328926032242425,1.883957477420732,29.264667805251396
22,UEFA Euro 2020,1,532,Team K,Team M,Player 85,16,52,100.35268486571366,37.06222407778602,0,0.0828387365530015,,Right Foot,Open Play,Normal,From Corner,True,True,True,1.0,0.0,9.076791873708416,3.8127344243002135,15.155732639834255
22,UEFA Euro 2020,1,533,Team M,Team K,Player 335,17,1,98.14804883542071,40.00097934060002,0,0.028828533840238816,,Head,Open Play,Normal,From Free Kick,False,True,False,2.0,4.0,5.308204004040297,3.658267154767723,19.293660828657657
22,UEFA Euro 2020,2,534,Team K,Team M,Player 340,59,40,101.3457976642606,35.45865276977524,0,0.0431915435956988,,Left Foot,Free Kick,Normal,Regular Play,True,False,True,3.0,0.0,1.5287197768841385,4.8791164425835705,11.403036645641834
22,UEFA Euro 2020,1,535,Team M,Team K,Player 210,17,22,96.68607165614173,39.32385847692884,0,0.04019216077161722,,Head,Open Play,Normal,Regular Play,False,False,True,0.0,0.0,6.566721163472188,2.559694300945397,20.912508413368435
22,UEFA Euro 2020,2,536,Team K,Team M,Player 232,62,30,86.93495789263338,49.371321657011464,0,0.010780807751784341,,Right Foot,Open Play,Normal,From Corner,False,False,True,1.0,3.0,2.4303195321947997,2.5334572498000165,32.7663091308047
22,UEFA Euro 2020,2,537,Team K,Team M,Player 283,61,52,114.76571570084494,60.617810068681564,0,0.04263936988965905,,Right Foot,Open Play,Normal,Regular Play,False,False,True,1.0,0.0,3.4227295013479107,4.943221854605383,15.978407840405023
22,UEFA Euro 2020,2,538,Team K,Team M,Player 187,52,30,100.87295957937914,30.30700669565271,0,0.036476632722740425,,Left Foot,Open Play,Normal,Regular Play,True,False,True,2.0,1.0,2.388216696969164,3.859636982465972,19.340972168798164
22,UEFA Euro 2020,1,539,Team M,Team K,Player 388,7,24,98.56267169641582,55.662007316388525,0,0.008672979658842702,,Right Foot,Free Kick,Normal,Regular Play,False,False,True,5.0,5.0,1.4846301035151614,2.4945479718478585,24.380587336730123
22,UEFA Euro 2020,2,540,Team K,Team M,Player 369,56,36,106.33175894298026,54.27631085690207,0,0.08474876261464838,,Right Foot,Open Play,Normal,Regular Play,False,True,True,1.0,1.0,1.0944101748692288,1.8795097760927744,16.443833704657177
22,UEFA Euro 2020,2,541,Team M,Team K,Player 227,91,25,110.4227028770245,43.37235291431025,1,0.4502098464274068,,Right Foot,Open Play,Normal,Regular Play,False,True,False,0.0,0.0,1.6482293643589565,2.8362793377678357,9.464830855298441
22,UEFA Euro 2020,2,542,Team K,Team M,Player 76,92,48,111.1597041242982,39.28520920910473,1,0.4390059422397956,,Left Foot,Open Play,Normal,Regular Play,False,False,True,0.0,1.0,2.0747030272334426,2.5214541190100825,7.22606038942531
22,UEFA Euro 2020,2,543,Team K,Team M,Player 279,60,42,92.87147510740706,39.64785639320261,0,0.012213430139413464,,Head,Open Play,Normal,Regular Play,True,False,True,2.0,0.0,3.2087100879053194,1.631895673996892,25.578722782661046
22,UEFA Euro 2020,1,544,Team M,Team K,Player 127,16,30,113.45418339111357,23.097687697412702,0,0.06296270709009423,,Right Foot,Open Play,Normal,From Free Kick,False,False,False,0.0,3.0,3.198569962829012,1.8629756710273089,15.126167551241126
22,UEFA Euro 2020,1,545,Team K,Team M,Player 284,18,53,114.2795813044448,34.40763973896514,1,0.21561670670925245,,Head,Open Play,Normal,From Corner,False,False,False,2.0,1.0,1.0393220070887355,0.6607906517834627,6.9731804192880205
22,UEFA Euro 2020,1,546,Team M,Team K,Player 186,12,32,95.35502032347759,43.59536922588057,0,0.030640074650544323,,Left Foot,Open Play,Normal,Regular Play,True,False,False,1.0,1.0,2.982002292188659,2.1711612846091377,22.59386276026216
22,UEFA Euro 2020,2,547,Team K,Team M,Player 274,80,20,119.5,27.335595506518995,0,0.12189380958164976,,Right Foot,Corner,Normal,Regular Play,False,True,True,1.0,0.0,1.6403659978458527,1.1154595113753627,11.649766669046304
22,UEFA Euro 2020,1,548,Team M,Team K,Player 356,3,6,96.9892192836546,47.007903103178954,0,0.031934886763842464,,Head,Open Play,Normal,From Free Kick,False,False,False,0.0,1.0,1.7953745770248453,0.9552373618236278,20.149079027631146
22,UEFA Euro 2020,1,549,Team M,Team K,Player 369,2,35,103.24229813616245,30.749873764537472,0,0.06434561186079613,,Right Foot,Open Play,Normal,From Goal Kick,False,False,True,2.0,1.0,0.625837607503855,2.146059765912753,16.303600902660285
22,UEFA Euro 2020,1,550,Team K,Team M,Player 318,11,43,113.72221281870566,52.67521740924902,1,0.14116453319251454,,Right Foot,Open Play,Normal,From Counter,True,True,False,0.0,2.0,2.845521533244648,3.889210192336873,10.054845764720783
22,UEFA Euro 2020,1,551,Team K,Team M,Player 256,10,25,99.46251274227768,49.8651033128921,0,0.023689732968908202,,Head,Open Play,Normal,Regular Play,False,False,True,2.0,1.0,2.1078219542539682,2.2899887627540645,18.81785506678588
22,UEFA Euro 2020,1,552,Team M,Team K,Player 385,19,45,81.93081427762024,26.818611174084737,0,0.002518838359326904,,Left Foot,Corner,Normal,Regular Play,True,True,True,4.0,4.0,0.8534237125895389,3.0474311648971693,37.99097767907271
22,UEFA Euro 2020,1,553,Team M,Team K,Player 391,31,59,110.5098343534812,20.19182619232649,0,0.031014192275838227,,Right Foot,Open Play,Normal,Regular Play,True,False,False,1.0,1.0,3.9024291052064637,3.5679844390802007,18.45520583935921
22,UEFA Euro 2020,1,554,Team M,Team K,Player 262,18,29,109.62648988444596,30.32514785353119,0,0.18712151360975027,,Right Foot,Open Play,Normal,Regular Play,False,True,False,1.0,0.0,1.97166574726548,4.784161130350668,7.974293547703132
23,FIFA World Cup 2022,1,555,Team Q,Team V,Player 147,28,34,118.3011948224191,45.78840512747556,1,0.30273424085767636,,Left Foot,Open Play,Normal,Regular Play,True,True,True,1.0,3.0,4.88835333654103,0.1,4.997621614909419
23,FIFA World Cup 2022,1,556,Team Q,Team V,Player 254,33,53,102.8245005075904,44.952133695425765,0,0.08137349257738384,,Left Foot,Open Play,Normal,From Counter,True,False,True,1.0,2.0,2.7652926466178633,3.055179875494761,14.084198213920498
23,FIFA World Cup 2022,1,557,Team Q,Team V,Player 122,43,35,108.85555256524852,45.08393185025233,0,0.1680684128324115,,Right Foot,Open Play,Normal,Regular Play,True,False,True,1.0,1.0,0.8155034930574582,0.1414019535935802,10.851588554252766
23,FIFA World Cup 2022,2,558,Team Q,Team V,Player 35,62,36,88.58699829748852,42.9186978189067,0,0.011932850766143864,,Right Foot,Open Play,Normal,From Free Kick,False,False,False,3.0,1.0,3.3762883995344657,3.445203171537154,29.294188329421505
23,FIFA World Cup 2022,1,559,Team V,Team Q,Player 47,5,10,115.95171652454238,47.77097922457636,0,0.2625102700672158,,Right Foot,Open Play,Normal,From Corner,False,False,True,1.0,0.0,1.9212507368413763,4.196168820634421,5.435304744071647
23,FIFA World Cup 2022,2,560,Team Q,Team V,Player 12,82,6,117.07926751822214,27.723574132802653,0,0.06354723241625095,,Head,Open Play,Normal,Regular Play,False,False,True,1.0,1.0,1.930152276104282,2.83673785234208,9.966230157149264
23,FIFA World Cup 2022,2,561,Team V,Team Q,Player 247,59,13,113.62711724131002,24.87293841180903,1,0.10260586013604187,,Right Foot,Open Play,Normal,Regular Play,False,False,True,0.0,0.0,1.536225973120919,3.7298550793919696,12.590148564384569
23,FIFA World Cup 2022,1,562,Team V,Team Q,Player 33,36,46,103.03837158703928,30.976256449825954,0,0.07341663428624821,,Right Foot,Open Play,Normal,Regular Play,True,False,False,0.0,1.0,1.508002779877207,2.381087621089009,16.919252003131398
23,FIFA World Cup 2022,1,563,Team Q,Team V,Player 284,18,11,107.95548554600944,48.682238157384404,0,0.1403561757913898,,Left Foot,Open Play,Normal,From Corner,False,False,True,1.0,1.0,5.667314619450426,1.429332453613594,16.24259025476555
23,FIFA World Cup 2022,2,564,Team V,Team Q,Player 351,80,34,83.37229400164145,54.51239513445849,0,0.004580804916882586,,Left Foot,Corner,Normal,From Corner,False,True,True,4.0,2.0,5.08315475324273,2.010636478295092,37.41498632681679
23,FIFA World Cup 2022,1,565,Team Q,Team V,Player 131,42,15,115.618061865812,46.27167969944685,1,0.36555209851077103,,Left Foot,Open Play,Normal,Regular Play,False,False,False,1.0,0.0,1.8569717433383053,3.179758629743453,3.854895298336407
23,FIFA World Cup 2022,1,566,Team Q,Team V,Player 217,35,41,117.41012003252789,48.72267973476232,0,0.17741288828639168,,Left Foot,Free Kick,Normal,From Counter,False,False,False,2.0,1.0,1.1123088801416214,1.1785511954836851,6.104616061703844
23,FIFA World Cup 2022,1,567,Team Q,Team V,Player 218,0,47,108.00295080122405,32.621960033808556,0,0.15095891108733317,,Right Foot,Open Play,Normal,From Counter,False,False,False,2.0,1.0,3.192496814142308,3.8114650694090884,10.715934254716743
23,FIFA World Cup 2022,1,568,Team V,Team Q,Player 137,3,55,117.11133008638305,38.99135299488894,0,0.8446272032827218,,Head,Open Play,Normal,Regular Play,False,False,True,0.0,1.0,1.319054810224441,0.7705199999631771,2.55464967926405
23,FIFA World Cup 2022,1,569,Team Q,Team V,Player 235,25,8,100.3363070769565,44.66786220139822,0,0.0729412637050333,,Other,Corner,Normal,Regular Play,False,False,False,1.0,1.0,0.7280561955718508,2.0062877336484775,17.263175392436995
23,FIFA World Cup 2022,2,570,Team Q,Team V,Player 104,61,50,106.1956619529451,28.635563581961,0,0.08699676745076756,,Left Foot,Free Kick,Normal,Regular Play,True,True,True,1.0,1.0,1.9345780084504152,4.672853995502051,15.318834388202706
23,FIFA World Cup 2022,2,571,Team V,Team Q,Player 20,63,19,107.44702038055665,30.679170742174037,0,0.1894946135099401,,Left Foot,Open Play,Normal,Regular Play,False,True,True,0.0,1.0,2.8914332257059225,3.1862889587985244,14.62137588267468
23,FIFA World Cup 2022,1,572,Team Q,Team V,Player 273,9,15,113.65809817866443,39.9595370053153,0,0.45002088035380455,,Head,Open Play,Normal,Regular Play,True,False,True,0.0,0.0,0.4848452289326143,1.704771326860159,5.48413574538872
23,FIFA World Cup 2022,2,573,Team V,Team Q,Player 267,82,57,107.22335437695375,34.05311962578256,0,0.19358454205897585,,Right Foot,Open Play,Normal,From Free Kick,False,False,True,0.0,1.0,2.39797841579216,2.1214138216975633,11.83598838747809
23,FIFA World Cup 2022,1,574,Team Q,Team V,Player 389,5,30,112.4026793918553,54.38958502856654,0,0.11778801453281698,,Other,Free Kick,Normal,From Throw In,False,True,True,1.0,0.0,3.025542203612467,2.8505431125353797,11.105880276021185
23,FIFA World Cup 2022,1,575,Team V,Team Q,Player 232,18,42,106.59528280615051,30.054664522536882,0,0.07146815437546689,,Head,Open Play,Normal,Regular Play,False,False,False,0.0,2.0,0.96373949696851,0.8211189511521653,15.6628167419597
23,FIFA World Cup 2022,2,576,Team Q,Team V,Player 367,48,42,95.87741049615124,33.67262281584063,0,0.04302889813357429,,Left Foot,Open Play,Normal,Regular Play,False,False,True,0.0,3.0,1.5945381311772069,0.4283401177350572,26.704248587121484
23,FIFA World Cup 2022,1,577,Team V,Team Q,Player 105,15,23,110.44671028500719,25.42378574163865,0,0.04144117524509081,,Right Foot,Open Play,Normal,From Goal Kick,True,False,False,2.0,3.0,0.5200204000303756,2.5040990608102147,18.752854997585345
23,FIFA World Cup 2022,2,578,Team Q,Team V,Player 393,47,18,108.45741697680171,56.81093003929884,0,0.03767476174391315,,Left Foot,Open Play,Normal,Regular Play,False,False,False,3.0,1.0,4.208420291006773,0.1,21.33515587382416
23,FIFA World Cup 2022,1,579,Team Q,Team V,Player 81,36,52,106.07879146768784,36.855763194877056,0,0.18394192365436163,,Left Foot,Open Play,Normal,Regular Play,False,False,False,1.0,0.0,0.5757210417783654,1.6152590205510233,14.45564614497734
23,FIFA World Cup 2022,2,580,Team Q,Team V,Player 66,49,49,107.79057832174419,41.28952264835596,0,0.39836850831819903,,Right Foot,Open Play,Normal,From Counter,False,True,True,0.0,0.0,1.9870343314896073,2.1488431628647353,10.499223081701654
23,FIFA World Cup 2022,2,581,Team Q,Team V,Player 102,50,33,79.68662962515413,56.954263143554314,0,0.00373119017426213,,Right Foot,Open Play,Normal,From Goal Kick,True,False,True,1.0,0.0,2.7663452121106102,2.587033663163161,44.304800916687014
23,FIFA World Cup 2022,2,582,Team Q,Team V,Player 229,91,5,113.94633448124897,34.47903954508422,1,0.3907647696550884,,Right Foot,Open Play,Normal,Regular Play,False,False,False,1.0,0.0,3.5338311183204425,0.34567225197780926,7.486705972705103
23,FIFA World Cup 2022,1,583,Team V,Team Q,Player 25,36,40,110.69985189058383,41.06695794852055,1,0.32623295511878664,,Left Foot,Open Play,Normal,From Corner,False,False,False,2.0,0.0,10.014433839553206,2.1698981257149526,6.7724018307682625
23,FIFA World Cup 2022,2,584,Team V,Team Q,Player 280,82,55,112.24382807799215,29.16562132566638,0,0.1536844884394874,,Other,Open Play,Normal,From Corner,False,False,False,1.0,0.0,2.1621203755199407,2.4862426940078346,13.153924790378245
23,FIFA World Cup 2022,1,585,Team V,Team Q,Player 87,16,3,102.48570389100581,37.91657065412854,1,0.06374958950917634,,Right Foot,Open Play,Normal,From Goal Kick,False,False,True,3.0,2.0,3.715642033221994,2.5237005076712338,15.352863640393311
24,UEFA Euro 2024,1,586,Team V,Team J,Player 141,0,44,109.1034957869822,20.348192457766697,0,0.07412750791750244,,Right Foot,Open Play,Normal,Regular Play,False,True,True,0.0,0.0,2.930256190971784,1.1713389994091186,20.847372656764446
24,UEFA Euro 2024,1,587,Team J,Team V,Player 36,42,42,108.0,40.0,1,0.759510916949111,,Left Foot,Penalty,Normal,Regular Play,False,True,False,1.0,1.0,0.616509177765827,1.5906633192220458,8.230569105267575
24,UEFA Euro 2024,1,588,Team V,Team J,Player 305,21,31,105.05624585845355,10.793215309997336,0,0.005035967522678056,,Right Foot,Open Play,Normal,Regular Play,True,False,False,3.0,3.0,12.05884843225012,1.8666930665088146,32.29314966821079
24,UEFA Euro 2024,1,589,Team J,Team V,Player 344,44,26,87.57253007667651,53.70483600497937,0,0.0065633956765452925,,Right Foot,Open Play,Normal,Regular Play,True,False,True,2.0,2.0,2.6160059288713247,2.6290945714801217,36.49211230607767
24,UEFA Euro 2024,2,590,Team V,Team J,Player 85,90,3,107.29539749372452,37.99440286175223,0,0.24944381241394697,,Right Foot,Open Play,Normal,Regular Play,False,True,False,1.0,1.0,1.4668307312730828,5.072730325883358,6.761672462964551
24,UEFA Euro 2024,2,591,Team J,Team V,Player 25,51,46,106.12009924849404,57.86430174482095,0,0.07991339212312577,,Left Foot,Open Play,Normal,Regular Play,False,True,True,0.0,0.0,1.6998437111125524,0.5754734136919601,22.36154510249396
24,UEFA Euro 2024,1,592,Team J,Team V,Player 21,40,47,90.8543725335993,40.97793119836976,0,0.02623803849654701,,Right Foot,Open Play,Normal,From Counter,False,False,True,2.0,0.0,2.351400160647142,4.992999798294743,26.08922335278115
24,UEFA Euro 2024,2,593,Team J,Team V,Player 308,62,1,113.5136004069132,36.21031037430184,1,0.29105360422321874,,Right Foot,Open Play,Normal,From Counter,False,False,False,5.0,1.0,1.6316097690075781,1.8931417576490186,5.400917519482004
24,UEFA Euro 2024,2,594,Team V,Team J,Player 320,62,13,118.39044596295167,41.322022270357365,1,0.9384853300168405,,Head,Free Kick,Normal,Regular Play,False,False,True,0.0,0.0,1.6734890298915488,1.614729086252538,0.2773315452965982
24,UEFA Euro 2024,2,595,Team J,Team V,Player 347,46,4,113.27510220614141,48.47805274198213,1,0.18166646577903006,,Right Foot,Open Play,Normal,Regular Play,False,False,False,2.0,0.0,1.181992555266637,3.566145317164506,4.76126243935164
24,UEFA Euro 2024,2,596,Team V,Team J,Player 266,80,26,112.09329129700852,54.56711511276986,0,0.04354257835158375,,Right Foot,Open Play,Normal,From Corner,True,True,True,3.0,3.0,1.1374965422643313,5.189829866963603,11.058330005218364
24,UEFA Euro 2024,2,597,Team V,Team J,Player 383,84,30,107.87136850484087,59.78897554529223,0,0.027437848285659053,,Head,Open Play,Normal,From Counter,False,False,True,1.0,1.0,0.9630697232597032,1.5547981570915221,20.935883333300396
24,UEFA Euro 2024,2,598,Team J,Team V,Player 1,82,9,107.08895249724121,41.413128153698516,0,0.251825669497845,,Left Foot,Open Play,Normal,Regular Play,False,False,True,0.0,0.0,1.66764219746898,3.810472500136111,7.785491234826374
24,UEFA Euro 2024,2,599,Team J,Team V,Player 179,68,50,107.02383291699975,33.43945250747975,0,0.13485355258159076,,Left Foot,Open Play,Normal,Regular Play,False,False,False,1.0,2.0,1.08336295152947,2.9219511988280193,10.308005060647762
24,UEFA Euro 2024,1,600,Team J,Team V,Player 212,19,11,110.87000847445293,40.26884705834267,1,0.4324151107334406,,Left Foot,Open Play,Normal,Regular Play,False,False,True,0.0,1.0,1.9448726520617738,0.29670215736040273,10.746478029771326
24,UEFA Euro 2024,1,601,Team J,Team V,Player 166,40,3,92.058475784472,37.56651784283814,0,0.011910071009115961,,Head,Open Play,Normal,From Counter,True,False,True,2.0,1.0,4.074228311825169,2.484763836856573,25.743211989424502
24,UEFA Euro 2024,2,602,Team J,Team V,Player 81,45,50,104.3033172748824,64.11204338726074,0,0.013538317735614555,,Left Foot,Open Play,Normal,Regular Play,False,False,False,2.0,3.0,1.1397327155848578,2.4536173859306976,26.03869859491451
24,UEFA Euro 2024,2,603,Team V,Team J,Player 315,65,57,107.75314456535669,46.13480607260051,0,0.1592069816463592,,Left Foot,Open Play,Normal,From Counter,False,True,False,3.0,2.0,2.0161947251660552,4.055157254834288,8.542616340232515
24,UEFA Euro 2024,1,604,Team V,Team J,Player 141,42,6,97.88120468486316,45.199915901056535,0,0.0535904858390586,,Left Foot,Open Play,Normal,Regular Play,False,False,True,1.0,1.0,3.104575989714831,2.087319291064906,20.9104354083599
24,UEFA Euro 2024,2,605,Team J,Team V,Player 138,63,8,102.13657541348309,36.526495073213674,0,0.05776996907488286,,Head,Open Play,Normal,Regular Play,False,False,False,1.0,1.0,3.8968340187762434,2.2221048652743325,15.669004860444806
24,UEFA Euro 2024,2,606,Team J,Team V,Player 84,58,18,101.72135417500684,44.380862796971044,0,0.1398575161839434,,Right Foot,Open Play,Normal,From Counter,False,False,True,0.0,0.0,1.0562418770673354,1.9788360838956356,16.225635567386995
24,UEFA Euro 2024,2,607,Team V,Team J,Player 97,55,15,108.0,40.0,1,0.759510916949111,,Right Foot,Penalty,Normal,Regular Play,False,False,False,2.0,2.0,2.2235714868324687,0.43266025425479393,11.050638980132982
24,UEFA Euro 2024,2,608,Team J,Team V,Player 128,63,56,103.5450907205783,32.6859368915671,0,0.10131992024827977,,Right Foot,Open Play,Normal,Regular Play,False,False,True,1.0,0.0,4.243860653259798,3.194269910541017,13.795916917940227
24,UEFA Euro 2024,1,609,Team V,Team J,Player 310,9,24,116.57133786522664,59.04456852013415,0,0.04966274431608796,,Right Foot,Open Play,Normal,From Throw In,True,False,False,0.0,0.0,1.084680316052693,2.2831038302621285,20.044683893095087
24,UEFA Euro 2024,1,610,Team J,Team V,Player 159,32,8,108.23011793591476,36.009248578438346,0,0.11023529060350921,,Head,Free Kick,Normal,From Free Kick,True,True,True,2.0,1.0,5.285064015480734,3.4297128824741625,9.442624329194285
24,UEFA Euro 2024,2,611,Team V,Team J,Player 14,52,16,98.74719793884627,44.83715535163496,0,0.05036987233425929,,Right Foot,Open Play,Normal,Regular Play,True,False,False,0.0,2.0,8.702900359457553,3.0943287995025948,19.09219664724837
24,UEFA Euro 2024,2,612,Team J,Team V,Player 332,62,17,117.44815335672067,49.89002857284806,0,0.09924558474272327,,Left Foot,Open Play,Normal,From Free Kick,True,False,False,2.0,0.0,2.6072826458819764,3.133984387934652,5.782675431904457
24,UEFA Euro 2024,2,613,Team V,Team J,Player 381,68,9,102.38896857650724,47.88700478187159,0,0.13986213824530036,,Right Foot,Open Play,Normal,From Throw In,False,True,True,0.0,0.0,1.9241321021222202,3.049029451937074,17.83497032044109
24,UEFA Euro 2024,2,614,Team J,Team V,Player 296,71,37,95.56262495797068,33.958749054320975,0,0.01902245249613773,,Right Foot,Open Play,Normal,Regular Play,True,False,True,3.0,1.0,1.7765387246925675,1.6155886433383708,22.534263324233255
25,FIFA World Cup 2018,1,615,Team Q,Team R,Player 194,13,10,108.99749770825538,44.691306446533154,1,0.2817843750799832,,Right Foot,Open Play,Normal,From Free Kick,False,False,False,0.0,0.0,0.5774897447204248,2.8064837335257025,8.748362508814587
25,FIFA World Cup 2018,2,616,Team Q,Team R,Player 304,86,42,109.97971514316284,57.365829484365996,0,0.04966735519223796,,Right Foot,Open Play,Normal,From Free Kick,True,False,True,0.0,1.0,8.662740024360632,4.108464799632062,15.460871135220218
25,FIFA World Cup 2018,2,617,Team R,Team Q,Player 269,79,9,118.67827866415371,50.85491535445117,0,0.07481288339195773,,Right Foot,Open Play,Normal,From Counter,False,False,True,3.0,3.0,2.6588000574804713,1.649724741499277,8.093798366246558
25,FIFA World Cup 2018,2,618,Team R,Team Q,Player 271,89,44,86.99737769013267,42.124207816003086,0,0.019460279312687744,,Left Foot,Open Play,Normal,From Throw In,True,True,False,0.0,1.0,5.671916079501666,1.6239677346483266,32.347080377174066
25,FIFA World Cup 2018,2,619,Team R,Team Q,Player 218,95,14,111.32170216467416,37.54384218150898,1,0.3930068227183032,,Right Foot,Open Play,Normal,From Corner,False,False,False,1.0,0.0,3.035797639160422,1.658829894294907,7.5488279149703565
25,FIFA World Cup 2018,2,620,Team Q,Team R,Player 239,51,50,102.04344195722823,47.444500742645744,0,0.02524755334025439,,Head,Free Kick,Normal,From Free Kick,True,False,False,3.0,0.0,1.5258675790464427,2.3003656301777493,16.764592496238905
25,FIFA World Cup 2018,1,621,Team Q,Team R,Player 63,3,11,111.5236153120589,37.815162487908424,0,0.2166369992298292,,Head,Open Play,Normal,Regular Play,True,False,False,1.0,1.0,2.383809599769719,0.5983323781444945,9.259046743878274
25,FIFA World Cup 2018,2,622,Team R,Team Q,Player 334,77,13,108.7544203246235,25.9154568575834,0,0.06343276429250432,,Left Foot,Open Play,Normal,Regular Play,False,False,True,2.0,1.0,2.8019947817788293,4.4493264199496805,16.675563933202614
25,FIFA World Cup 2018,1,623,Team Q,Team R,Player 372,16,7,113.14052153207503,65.4327320632326,0,0.023201359662145288,,Head,Open Play,Normal,Regular Play,False,True,True,0.0,1.0,7.031697745204516,2.5785536506699662,26.566228051069906
25,FIFA World Cup 2018,1,624,Team Q,Team R,Player 320,0,1,110.22270448651139,23.60574986197534,0,0.039066264234612055,,Other,Open Play,Normal,From Goal Kick,False,True,False,5.0,0.0,1.049239977113789,2.6293949769290257,15.931928616178462
25,FIFA World Cup 2018,2,625,Team R,Team Q,Player 8,54,29,110.54844735762236,33.28943493882622,0,0.21360881558464132,,Left Foot,Open Play,Normal,From Goal Kick,True,True,False,1.0,1.0,2.9850854441897137,5.107247948343905,6.90156550190571
25,FIFA World Cup 2018,2,626,Team Q,Team R,Player 213,75,46,89.55522772327369,47.940930622582925,0,0.018304910030673156,,Right Foot,Open Play,Normal,From Counter,False,False,True,1.0,3.0,2.1975153316441576,1.848971344090796,28.935327239828563
25,FIFA World Cup 2018,1,627,Team R,Team Q,Player 48,36,56,104.59568819599589,23.95396312166934,0,0.057254227484450824,,Right Foot,Open Play,Normal,From Corner,False,False,False,0.0,1.0,1.4227630737016919,3.5088944403087634,17.279417329870856
25,FIFA World Cup 2018,2,628,Team R,Team Q,Player 49,51,17,103.93667344833831,42.795599704593144,0,0.050160355014452596,,Head,Open Play,Normal,From Throw In,True,False,False,1.0,2.0,1.877658081963357,3.162329221308848,10.33676464924252
25,FIFA World Cup 2018,2,629,Team Q,Team R,Player 192,79,53,108.33156406124384,40.034734950123564,0,0.3280542000089339,,Right Foot,Open Play,Normal,Regular Play,False,True,True,0.0,2.0,4.005938818667811,3.8982437901530793,7.330300565201171
25,FIFA World Cup 2018,1,630,Team Q,Team R,Player 259,3,27,93.1761832743531,35.12759971659169,0,0.020267756816181547,,Right Foot,Open Play,Normal,From Counter,True,False,True,2.0,2.0,0.5362801061528738,4.7706205203618754,24.828582590919545
25,FIFA World Cup 2018,2,631,Team R,Team Q,Player 59,89,0,92.6081968243585,42.15482118464344,0,0.01788661759790446,,Right Foot,Open Play,Normal,Regular Play,True,False,True,2.0,1.0,5.944776562081245,2.637751036283873,24.436349809441538
25,FIFA World Cup 2018,2,632,Team Q,Team R,Player 351,51,40,103.81445712652115,37.91453131124493,0,0.07682437509121477,,Head,Open Play,Normal,Regular Play,False,False,True,1.0,1.0,1.273297335776116,1.2612768584154075,14.687464765047237
25,FIFA World Cup 2018,2,633,Team R,Team Q,Player 133,62,18,110.97876845751762,38.11931582063771,1,0.3331706717983033,,Left Foot,Open Play,Normal,Regular Play,False,False,False,2.0,0.0,5.212811834456587,0.9430731622726825,7.326250914079732
25,FIFA World Cup 2018,2,634,Team Q,Team R,Player 251,95,9,102.03801741791509,49.62761124096361,0,0.051062257657946336,,Right Foot,Open Play,Normal,From Throw In,True,False,True,1.0,1.0,0.5474206954280456,1.963234231598236,17.78779984109466
25,FIFA World Cup 2018,1,635,Team Q,Team R,Player 106,21,58,94.78540005104658,38.37764971008571,0,0.025096477860702154,,Right Foot,Open Play,Normal,Regular Play,False,False,False,2.0,3.0,4.539321350550808,2.4557633164275687,19.33805560138243
25,FIFA World Cup 2018,2,636,Team Q,Team R,Player 78,62,37,114.27990343377564,42.20171330597378,0,0.6646423289011111,,Left Foot,Free Kick,Normal,Regular Play,True,True,True,0.0,0.0,1.7223348838199262,2.8922915507383875,5.5091395838836
25,FIFA World Cup 2018,1,637,Team Q,Team R,Player 31,19,11,108.0,40.0,1,0.759510916949111,,Right Foot,Penalty,Normal,Regular Play,True,False,False,0.0,1.0,4.327250443338877,3.312995615109596,8.888259060112224
25,FIFA World Cup 2018,1,638,Team Q,Team R,Player 120,2,5,116.25794997622347,26.262994017500034,0,0.04453546270822984,,Head,Open Play,Normal,Regular Play,True,False,True,1.0,0.0,9.392573066292051,1.094447026011961,11.666605837903335
25,FIFA World Cup 2018,1,639,Team R,Team Q,Player 23,5,18,111.19570911683466,50.291226282217394,1,0.12294982315460128,,Left Foot,Open Play,Normal,From Counter,False,False,False,3.0,0.0,1.1333264189104217,4.291245528731169,8.886547821840082
25,FIFA World Cup 2018,2,640,Team R,Team Q,Player 242,93,14,115.23340128347388,33.549372366448665,0,0.1911582926644232,,Left Foot,Open Play,Normal,From Counter,True,False,True,3.0,3.0,0.8159243243915477,1.933685877049895,6.512617202388249
25,FIFA World Cup 2018,2,641,Team Q,Team R,Player 130,81,36,115.0029862386146,55.399953644974595,0,0.05958058364712728,,Left Foot,Open Play,Normal,Regular Play,True,False,True,1.0,0.0,0.44854754168772604,3.476047227367991,10.299565702605424
25,FIFA World Cup 2018,1,642,Team R,Team Q,Player 58,11,28,104.33799361782732,45.92794335226353,0,0.08501020046778557,,Right Foot,Open Play,Normal,Regular Play,True,False,True,1.0,1.0,6.681544274923685,1.4085245485027382,12.610668098467329
25,FIFA World Cup 2018,1,643,Team R,Team Q,Player 375,17,7,117.06208818412874,54.218846513732785,0,0.08098119864367086,,Left Foot,Corner,Normal,From Free Kick,False,False,True,1.0,1.0,2.611132681219216,2.967727551847239,11.003973425143085
25,FIFA World Cup 2018,2,644,Team R,Team Q,Player 340,84,14,100.57065400937522,52.04399201043314,0,0.050414505250113824,,Left Foot,Open Play,Normal,Regular Play,False,True,False,2.0,2.0,1.0180917479830123,1.1778762615233724,25.073681669701575
25,FIFA World Cup 2018,2,645,Team Q,Team R,Player 42,62,31,113.29266485767377,48.85224263187623,1,0.21196977570544398,,Left Foot,Open Play,Normal,Regular Play,False,False,False,1.0,0.0,2.7255583278640167,1.554060219058043,9.161229013865638
25,FIFA World Cup 2018,2,646,Team R,Team Q,Player 114,95,49,105.10495082356947,30.935745989122516,0,0.06110844455183978,,Left Foot,Open Play,Normal,Regular Play,True,False,True,2.0,1.0,2.3168779188824926,2.6283496526406465,15.809845006918351
25,FIFA World Cup 2018,1,647,Team R,Team Q,Player 41,35,47,107.94599610715152,32.37684243088662,0,0.048302100179538024,,Head,Open Play,Normal,Regular Play,True,False,False,3.0,0.0,4.741476021414251,4.906555006467187,6.918325818859021
26,UEFA Euro 2020,2,648,Team K,Team B,Player 121,87,58,96.05114140909427,35.46941230436934,0,0.029668036480813766,,Right Foot,Open Play,Normal,From Throw In,True,False,True,1.0,2.0,0.7013944270065342,2.7473476489405124,22.20448474375879
26,UEFA Euro 2020,2,649,Team K,Team B,Player 331,89,24,105.06150336358748,57.18351468298113,0,0.01941716875993771,,Left Foot,Open Play,Normal,Regular Play,True,False,True,3.0,2.0,0.8209877314680517,3.0697477824212456,20.22940086262971
26,UEFA Euro 2020,2,650,Team B,Team K,Player 222,94,37,102.53128922678948,34.18015628390247,0,0.06546885347392127,,Left Foot,Open Play,Normal,From Counter,False,False,True,3.0,2.0,1.8911442351875754,3.9094805448965717,14.070577333417024
26,UEFA Euro 2020,2,651,Team K,Team B,Player 245,59,33,112.08378550305166,27.292058124913016,0,0.06983112822276882,,Left Foot,Open Play,Normal,Regular Play,False,False,True,3.0,1.0,4.878957822044921,2.3029170611357466,11.751627839527401
26,UEFA Euro 2020,2,652,Team K,Team B,Player 126,75,44,113.31975790467689,48.23204121946214,1,0.27744514508380363,,Right Foot,Corner,Normal,From Throw In,False,True,False,1.0,1.0,2.1972853228572577,0.24873895475461083,10.606629811375083
26,UEFA Euro 2020,1,653,Team B,Team K,Player 23,39,33,81.387758820827,51.39649776446059,0,0.006637625023076398,,Left Foot,Open Play,Normal,Regular Play,False,False,True,1.0,1.0,6.534621442804459,0.1,38.36854741407098
26,UEFA Euro 2020,2,654,Team K,Team B,Player 331,89,3,109.69034399595479,23.66146847192898,0,0.05956426144023258,,Head,Open Play,Normal,From Counter,False,False,False,0.0,0.0,1.2399521436608236,0.44160972824946265,16.719071844125214
26,UEFA Euro 2020,1,655,Team B,Team K,Player 211,17,14,109.92633457398962,21.25112571968072,0,0.043020462014937956,,Right Foot,Open Play,Normal,Regular Play,True,False,True,0.0,1.0,1.1181246181235698,3.5944315999166205,18.500109643058554
26,UEFA Euro 2020,1,656,Team B,Team K,Player 48,5,38,112.82665222821343,42.15983860468263,1,0.4786603274142087,,Right Foot,Free Kick,Normal,From Corner,True,False,False,0.0,0.0,4.476457159687093,2.317545903326983,5.949279146048065
26,UEFA Euro 2020,1,657,Team K,Team B,Player 150,24,22,118.85511576448867,18.122100557752958,0,0.029881212497499338,,Left Foot,Open Play,Normal,From Corner,False,False,True,1.0,2.0,3.0820135464785783,3.487208873250382,19.868264362453612
26,UEFA Euro 2020,2,658,Team B,Team K,Player 343,90,56,113.5385483407293,40.767275126458344,0,0.6572802283994735,,Left Foot,Open Play,Normal,From Counter,False,False,True,0.0,1.0,1.643048378381553,4.55185423826398,2.9040857447695423
26,UEFA Euro 2020,1,659,Team B,Team K,Player 100,40,26,103.86866046485147,42.95713187545025,0,0.12249035460930195,,Right Foot,Open Play,Normal,Regular Play,False,False,False,1.0,1.0,2.726223965851242,2.8072525112779094,13.620669749014088
26,UEFA Euro 2020,2,660,Team K,Team B,Player 115,80,14,116.83695882808031,33.985465828706936,0,0.4504581484153717,,Left Foot,Open Play,Normal,Regular Play,False,False,False,0.0,0.0,2.2693436952485486,1.8070299748949177,5.183605748234715
26,UEFA Euro 2020,2,661,Team K,Team B,Player 371,61,41,109.89574342626933,53.99786447385288,0,0.08353888340379101,,Right Foot,Open Play,Normal,From Corner,True,False,False,0.0,0.0,2.961746023227774,4.052992388700583,14.62735135659954
26,UEFA Euro 2020,2,662,Team B,Team K,Player 395,64,25,104.40076555274662,45.99586519929547,1,0.11708608036924222,,Right Foot,Open Play,Normal,From Free Kick,False,False,True,1.0,1.0,2.723489163014397,2.334267175884229,16.902933877245054
26,UEFA Euro 2020,2,663,Team K,Team B,Player 293,80,21,112.3370371854687,34.31369704627101,1,0.293088489953181,,Left Foot,Open Play,Normal,Regular Play,False,False,False,1.0,1.0,2.289766470429573,1.952538577464147,4.0424151861735185
26,UEFA Euro 2020,1,664,Team K,Team B,Player 158,17,25,104.70514663028486,39.05821917194082,0,0.11846149021546233,,Head,Open Play,Normal,Regular Play,False,False,True,0.0,0.0,0.7809348377675552,2.6737454651250894,13.157183147451905
26,UEFA Euro 2020,2,665,Team B,Team K,Player 251,85,28,104.37122240433571,33.489072457281786,0,0.08311311951035708,,Right Foot,Free Kick,Normal,From Free Kick,True,False,True,1.0,1.0,1.4429235616185079,2.944059619918531,13.870818196028141
26,UEFA Euro 2020,1,666,Team B,Team K,Player 70,16,52,106.50552825646675,41.89941374682517,1,0.2114798532521342,,Left Foot,Open Play,Normal,Regular Play,False,False,True,0.0,1.0,1.0400447084323177,4.1432733962536155,7.823467280822508
26,UEFA Euro 2020,1,667,Team B,Team K,Player 353,9,28,107.42580419734279,52.48401475614913,0,0.06385992335302697,,Right Foot,Corner,Normal,From Throw In,False,False,True,3.0,0.0,5.352756523509405,1.5852811896833439,17.784856930384635
26,UEFA Euro 2020,2,668,Team K,Team B,Player 208,73,50,97.51546369728045,57.22292620248075,0,0.012137932200648316,,Head,Open Play,Normal,From Corner,True,False,True,0.0,2.0,1.5939275390238254,1.770113501176427,27.231349867090792
27,FIFA World Cup 2022,1,669,Team T,Team X,Player 183,21,56,108.04302514624074,31.88689340257109,0,0.10825867998624446,,Right Foot,Open Play,Normal,From Free Kick,False,False,False,2.0,2.0,2.0327612804739363,2.0631164889958553,11.195458626362267
27,FIFA World Cup 2022,2,670,Team T,Team X,Player 141,93,27,91.02056542946445,34.182363679395145,0,0.014812801789405533,,Left Foot,Free Kick,Normal,From Goal Kick,True,True,False,3.0,1.0,2.5064925679706986,2.97875518012796,26.004187976389602
27,FIFA World Cup 2022,2,671,Team X,Team T,Player 395,55,22,102.44783559632603,43.43198198000849,0,0.026206677795054742,,Head,Open Play,Normal,From Free Kick,False,False,False,5.0,1.0,5.23966762620419,1.6003087111752454,16.19631905600233
27,FIFA World Cup 2022,2,672,Team X,Team T,Player 139,50,16,117.60431421545314,39.38248040049357,1,0.9188596762802685,,Left Foot,Open Play,Normal,Regular Play,False,False,False,1.0,1.0,3.0085068087134967,3.718864224375092,0.2
27,FIFA World Cup 2022,2,673,Team X,Team T,Player 228,95,22,108.0,40.0,1,0.759510916949111,,Right Foot,Penalty,Normal,Regular Play,True,False,False,2.0,1.0,0.9268883555101267,2.6851155365700516,10.93151663276506
27,FIFA World Cup 2022,1,674,Team T,Team X,Player 341,41,42,93.00741449950257,42.2707093528528,0,0.025817343843374044,,Left Foot,Open Play,Normal,From Corner,False,False,False,2.0,1.0,5.370869643600797,1.3953467703635078,26.26471527551628
27,FIFA World Cup 2022,1,675,Team X,Team T,Player 110,31,46,91.0308866315787,53.22159653269263,0,0.01537381532661891,,Left Foot,Open Play,Normal,From Counter,False,False,True,2.0,2.0,4.043325644780294,3.0924462804482364,30.48715863716127
27,FIFA World Cup 2022,1,676,Team T,Team X,Player 135,21,54,112.61764883141028,16.877561804111878,0,0.03892277407622919,,Right Foot,Open Play,Normal,Regular Play,False,True,False,1.0,1.0,1.2219870211337136,2.9694689960880787,19.808406634258052
27,FIFA World Cup 2022,1,677,Team X,Team T,Player 224,27,16,102.28413472271293,50.9677467562439,0,0.04643047886819156,,Left Foot,Free Kick,Normal,Regular Play,False,False,True,2.0,2.0,1.9899265611892252,1.9159111640010038,18.48674269803431
27,FIFA World Cup 2022,1,678,Team X,Team T,Player 91,42,50,115.41906022492144,44.44717308491276,0,0.47409886537717555,,Left Foot,Free Kick,Normal,From Free Kick,False,False,True,2.0,0.0,4.579430826238183,2.417814958447846,2.7515521681919233
27,FIFA World Cup 2022,1,679,Team X,Team T,Player 183,25,53,110.98055663537886,22.117381328359166,0,0.05864122087706159,,Left Foot,Open Play,Normal,From Free Kick,False,True,True,2.0,1.0,1.4757355645314414,1.1445722890816474,19.570371186065334
27,FIFA World Cup 2022,2,680,Team T,Team X,Player 249,86,19,102.89146174614092,46.75952178581572,0,0.08243482059430526,,Left Foot,Open Play,Normal,Regular Play,False,False,False,1.0,2.0,0.45072057226664447,2.0389325799436246,15.684346062102696
27,FIFA World Cup 2022,1,681,Team X,Team T,Player 239,30,12,112.56449793661062,42.25260871329448,0,0.4753259333459969,,Right Foot,Free Kick,Normal,Regular Play,False,False,True,1.0,0.0,3.0340905666916362,3.5440745857917606,5.622404285187276
27,FIFA World Cup 2022,1,682,Team X,Team T,Player 18,18,54,92.71280978807005,39.37030861857171,1,0.018676467959867583,,Right Foot,Open Play,Normal,Regular Play,True,False,True,2.0,1.0,1.543917116802082,4.249020797732964,25.903418763069347
27,FIFA World Cup 2022,2,683,Team T,Team X,Player 399,91,31,67.24496918967819,33.33321251116466,0,0.00023997512634382407,,Left Foot,Open Play,Normal,From Counter,True,True,False,10.0,2.0,6.412510284382017,4.1662555619885255,51.18528621139336
27,FIFA World Cup 2022,1,684,Team T,Team X,Player 234,15,16,115.47808291876494,25.70757189405415,0,0.057331947672067056,,Head,Open Play,Normal,Regular Play,False,False,True,1.0,0.0,8.19015937107761,1.6640433743605176,14.29674815350882
27,FIFA World Cup 2022,2,685,Team X,Team T,Player 387,89,27,109.37807633099501,45.62128138448653,0,0.15015701280090188,,Right Foot,Open Play,Normal,Regular Play,True,False,True,1.0,2.0,3.064954119450556,2.978175786568025,6.109373886633746
27,FIFA World Cup 2022,2,686,Team T,Team X,Player 236,61,25,111.1839908816153,42.84492622587436,1,0.4719811299968689,,Right Foot,Open Play,Normal,From Counter,True,True,True,0.0,0.0,3.682300092679627,2.036598193561048,5.711858641538671
27,FIFA World Cup 2022,1,687,Team X,Team T,Player 80,37,58,108.8391315078855,38.00183758514072,0,0.14542702287299608,,Head,Open Play,Normal,From Free Kick,True,False,False,0.0,2.0,4.372941950428819,1.3359320338307497,10.529800724800051
27,FIFA World Cup 2022,2,688,Team X,Team T,Player 379,54,33,111.5947870412647,43.996397676355215,0,0.2836816900119997,,Head,Open Play,Normal,From Throw In,False,False,False,0.0,0.0,0.8311956557473723,3.4272202216385574,5.355648235865876
27,FIFA World Cup 2022,1,689,Team T,Team X,Player 304,40,11,116.72300049964234,37.55195861468488,1,0.8423785025810648,,Left Foot,Open Play,Normal,Regular Play,True,True,False,0.0,0.0,1.899561497554912,0.11267389033128561,4.528896683250947
27,FIFA World Cup 2022,2,690,Team X,Team T,Player 259,68,24,103.08001955866925,58.01872072541368,0,0.013486161962961773,,Head,Open Play,Normal,From Throw In,True,False,True,2.0,0.0,2.9375404269440386,0.4526082815509964,20.85947706937977
27,FIFA World Cup 2022,1,691,Team X,Team T,Player 102,20,12,114.48678011653227,29.649655677077387,0,0.1320959402888693,,Right Foot,Free Kick,Normal,Regular Play,True,True,True,1.0,3.0,2.5821101789977807,3.9446911144679566,10.597224477739044
27,FIFA World Cup 2022,2,692,Team T,Team X,Player 309,61,36,103.27231436356429,20.822119735941378,0,0.02996307733606867,,Left Foot,Open Play,Normal,From Corner,False,False,False,1.0,2.0,3.1295468882053674,1.8743659339820686,25.77109964165131
27,FIFA World Cup 2022,2,693,Team T,Team X,Player 274,63,28,103.9329098392776,38.94914680095996,1,0.17012942266880543,,Right Foot,Open Play,Normal,Regular Play,False,False,True,0.0,0.0,1.7339420442117497,3.1524713857464137,13.829468152000297
27,FIFA World Cup 2022,2,694,Team T,Team X,Player 69,75,37,88.65784598163509,40.16060256901936,0,0.006997932070025917,,Left Foot,Open Play,Normal,Regular Play,False,False,True,5.0,2.0,2.8815439432574594,1.4877447193125912,26.97067932009713
27,FIFA World Cup 2022,2,695,Team T,Team X,Player 33,64,57,98.78356404594206,37.63509052791727,0,0.03306631270507037,,Head,Open Play,Normal,From Goal Kick,False,False,False,2.0,0.0,0.9063192600211841,3.0664480997061014,16.828581991257504
27,FIFA World Cup 2022,2,696,Team T,Team X,Player 367,60,36,108.0,40.0,0,0.759510916949111,,Head,Penalty,Normal,Regular Play,True,True,True,1.0,2.0,1.3754666236946371,2.2266241435441034,9.275594239844656
28,UEFA Euro 2024,2,697,Team Q,Team V,Player 167,53,43,103.92841414759168,45.363662960137724,0,0.11052507113476674,,Right Foot,Open Play,Normal,Regular Play,False,False,False,1.0,1.0,2.0158537973289783,1.2016930616228094,13.710300922314795
28,UEFA Euro 2024,2,698,Team V,Team Q,Player 177,50,39,108.92891551538291,57.584276795925476,0,0.03311154321497819,,Head,Open Play,Normal,Regular Play,True,True,True,1.0,0.0,4.892527601272684,2.0683009381748785,17.455173838547104
28,UEFA Euro 2024,2,699,Team V,Team Q,Player 144,75,33,114.21745537405901,41.178164513594126,0,0.6777566234318146,,Right Foot,Open Play,Normal,From Throw In,False,False,False,0.0,1.0,3.193783563687048,0.3536135391110591,8.239116659073261
28,UEFA Euro 2024,2,700,Team V,Team Q,Player 346,88,31,116.63509633738944,34.84700890672368,0,0.4525823694481073,,Left Foot,Free Kick,Normal,From Goal Kick,True,False,True,0.0,1.0,0.7151257060123054,3.2001192993254497,3.5373877149392388
28,UEFA Euro 2024,2,701,Team V,Team Q,Player 137,94,35,60.41930755513793,41.504709316905235,0,0.00023676268810771283,,Left Foot,Open Play,Normal,From Corner,False,True,True,6.0,5.0,1.168864691027475,0.5093968280057655,58.88954044031695
28,UEFA Euro 2024,1,702,Team Q,Team V,Player 41,10,27,117.83929343334951,29.175738170257997,0,0.10543476188707726,,Other,Open Play,Normal,Regular Play,True,True,False,2.0,0.0,6.649704394512351,4.097177732857221,4.55852242394707
28,UEFA Euro 2024,1,703,Team Q,Team V,Player 306,18,43,111.7692612675309,49.58103494239362,0,0.08350197927080545,,Left Foot,Open Play,Normal,From Corner,True,False,False,3.0,1.0,1.388551880366423,3.8384386022709407,9.092180946714082
28,UEFA Euro 2024,1,704,Team V,Team Q,Player 396,19,10,103.86617762535178,56.84419195708253,0,0.056345896968208964,,Left Foot,Open Play,Normal,Regular Play,False,False,False,0.0,0.0,1.5414917337092848,3.880701732391631,20.04262993795336
28,UEFA Euro 2024,2,705,Team Q,Team V,Player 19,57,29,113.22792111665238,33.867624068520996,0,0.2965033744535631,,Left Foot,Free Kick,Normal,From Corner,True,False,False,0.0,1.0,2.9717476028534433,3.0541401516434514,9.365671307787856
28,UEFA Euro 2024,2,706,Team V,Team Q,Player 260,71,21,109.60578030889215,31.859976790294652,0,0.11466277005214011,,Right Foot,Open Play,Normal,From Corner,False,False,False,2.0,3.0,0.8886348994210677,2.6637903928068707,9.091016351683262
28,UEFA Euro 2024,2,707,Team Q,Team V,Player 283,84,16,104.04078000652174,38.348272587595545,0,0.12948385142813182,,Right Foot,Free Kick,Normal,Regular Play,True,False,False,0.0,0.0,4.1873787256762975,3.0535150562467357,11.482336620310758
28,UEFA Euro 2024,2,708,Team Q,Team V,Player 17,68,45,114.58335844470989,47.513407914339645,0,0.3001336946368689,,Left Foot,Open Play,Normal,Regular Play,False,True,False,2.0,0.0,2.8963683788785715,2.3458729373187577,9.029862004150328
28,UEFA Euro 2024,2,709,Team V,Team Q,Player 248,74,52,95.35317855897834,41.46925806013942,0,0.03053122117102908,,Left Foot,Free Kick,Normal,Regular Play,False,False,True,2.0,2.0,2.58514494015101,2.661740773391326,21.017979353161493
28,UEFA Euro 2024,1,710,Team Q,Team V,Player 37,1,13,116.40538010084909,31.63015330057931,0,0.1396362092389879,,Left Foot,Open Play,Normal,Regular Play,True,False,True,2.0,1.0,5.974086188969458,2.914603659388387,8.022457507541118
28,UEFA Euro 2024,2,711,Team V,Team Q,Player 31,85,44,94.6997295760118,33.47850997792359,0,0.034813492839702594,,Right Foot,Open Play,Normal,Regular Play,True,False,False,0.0,0.0,6.454761372380916,4.491439119710272,22.114145859330005
28,UEFA Euro 2024,2,712,Team Q,Team V,Player 282,65,33,114.57577097339366,66.5699077799143,0,0.030006890064715165,,Right Foot,Open Play,Normal,Regular Play,False,True,False,1.0,0.0,2.3665773141242865,2.4256026287571526,23.549612740092087
28,UEFA Euro 2024,2,713,Team Q,Team V,Player 225,89,27,99.66200411803197,26.86166828203172,0,0.01994264924495218,,Head,Free Kick,Normal,Regular Play,True,False,True,1.0,0.0,3.2548700553451146,3.2072559395995968,22.346263199113043
28,UEFA Euro 2024,2,714,Team Q,Team V,Player 356,95,38,112.89366979666934,47.814786968830546,0,0.1342403848108534,,Head,Open Play,Normal,Regular Play,True,True,False,2.0,0.0,4.0806814031501535,2.6826314581262856,10.805420129312623
28,UEFA Euro 2024,1,715,Team Q,Team V,Player 177,24,17,75.50739109382658,33.75992220562911,0,0.002098053428710624,,Right Foot,Open Play,Normal,From Corner,True,False,True,3.0,0.0,3.5556130709028255,3.561919914356938,43.45299204227076
29,FIFA World Cup 2018,1,716,Team E,Team X,Player 223,9,42,112.41656824562723,35.375372134861536,0,0.39771673314855266,,Left Foot,Free Kick,Normal,Regular Play,False,False,False,0.0,1.0,2.0122748586683814,4.845879509977154,5.291342937024087
29,FIFA World Cup 2018,1,717,Team E,Team X,Player 326,43,50,86.86237355008757,44.22932766663129,0,0.013588578674255457,,Right Foot,Open Play,Normal,From Free Kick,True,True,True,0.0,4.0,1.8644584896114873,1.1897864596862113,30.800169849983604
29,FIFA World Cup 2018,1,718,Team X,Team E,Player 84,8,46,115.02440625607095,37.806269853483975,1,0.5706811289869355,,Left Foot,Open Play,Normal,Regular Play,False,False,False,3.0,0.0,7.152450693713432,2.90966329966729,3.1749867881262803
29,FIFA World Cup 2018,2,719,Team E,Team X,Player 193,83,48,114.58191584243036,47.267460326920556,0,0.2739538072547609,,Right Foot,Open Play,Normal,Regular Play,True,False,True,0.0,0.0,1.8993938506896684,3.4171601458378214,6.014385321522763
29,FIFA World Cup 2018,2,720,Team E,Team X,Player 72,75,0,109.55008604259818,60.287345905252764,0,0.02280773713452216,,Right Foot,Open Play,Normal,Regular Play,False,False,False,3.0,2.0,2.627646071446176,1.3107108567704115,20.13385205978971
29,FIFA World Cup 2018,2,721,Team X,Team E,Player 30,83,51,106.57057029689906,28.775525683023076,0,0.06813111659962387,,Head,Open Play,Normal,Regular Play,False,False,False,0.0,1.0,5.135553654615923,1.0334896146882995,16.156647834617143
29,FIFA World Cup 2018,2,722,Team X,Team E,Player 307,83,37,92.65568112126269,51.48858302763312,0,0.01876980656544802,,Right Foot,Open Play,Normal,From Goal Kick,False,True,True,3.0,1.0,2.623869356889195,2.5032125530118696,24.531613945662432
29,FIFA World Cup 2018,1,723,Team X,Team E,Player 264,8,49,96.24042201976869,42.31754284815956,0,0.030954619041049524,,Right Foot,Open Play,Normal,From Free Kick,True,False,True,2.0,0.0,3.074833059101,5.386131360788767,20.96522457230841
29,FIFA World Cup 2018,1,724,Team E,Team X,Player 123,21,25,109.77689009933673,43.58919907009205,0,0.35392539469393525,,Right Foot,Open Play,Normal,From Corner,False,True,True,1.0,0.0,1.3677974598966882,1.8802042985094052,7.582587643486308
29,FIFA World Cup 2018,1,725,Team E,Team X,Player 260,26,2,105.05020908241156,23.7400544084719,0,0.04493241438280322,,Left Foot,Open Play,Normal,From Free Kick,True,True,True,1.0,2.0,1.4646321924742103,2.0251021047293625,21.712964907888562
29,FIFA World Cup 2018,1,726,Team E,Team X,Player 189,43,11,112.90478581003366,50.791219195456925,0,0.19210572098055606,,Right Foot,Open Play,Normal,From Goal Kick,False,True,False,1.0,0.0,2.2284455294991763,1.7471950946590575,7.6275632749304485
29,FIFA World Cup 2018,1,727,Team E,Team X,Player 370,18,36,116.73029631272327,45.31959246786573,0,0.6055943932288536,,Left Foot,Open Play,Normal,Regular Play,False,True,False,0.0,0.0,1.3541804201889436,3.648782049895157,3.628414902083741
29,FIFA World Cup 2018,2,728,Team E,Team X,Player 117,93,38,112.22147075535192,25.510633464435713,0,0.045768118918135724,,Right Foot,Open Play,Normal,Regular Play,True,False,True,3.0,0.0,10.294269932360582,4.40783940618989,14.124459467103016
29,FIFA World Cup 2018,2,729,Team E,Team X,Player 276,82,18,107.8720471236681,22.37409206364719,0,0.03683998507386642,,Left Foot,Open Play,Normal,From Corner,True,False,True,1.0,1.0,2.7685735400304687,2.4882270138334786,19.25397540953817
29,FIFA World Cup 2018,2,730,Team X,Team E,Player 121,71,34,109.21703661465958,38.798367246283036,0,0.17171546724373954,,Right Foot,Open Play,Normal,Regular Play,True,False,False,2.0,2.0,0.9681121729147576,1.7542011574932252,7.957979202417603
29,FIFA World Cup 2018,1,731,Team X,Team E,Player 59,11,6,110.92830454029666,63.23416637182673,1,0.03639683448530631,,Right Foot,Open Play,Normal,Regular Play,False,True,True,1.0,2.0,1.5969838916824253,0.7371640513143762,26.37865737872562
29,FIFA World Cup 2018,1,732,Team X,Team E,Player 385,30,43,97.56525850427784,52.247502760538886,0,0.01887302334933476,,Head,Open Play,Normal,Regular Play,False,False,False,1.0,2.0,4.682826122068891,1.7651240948997828,23.10752362789824
29,FIFA World Cup 2018,1,733,Team X,Team E,Player 42,8,17,109.84379494501803,53.04382247134259,0,0.08489583935101647,,Right Foot,Open Play,Normal,Regular Play,True,False,True,0.0,1.0,6.690930981418948,2.3051199761131316,13.102028057188596
29,FIFA World Cup 2018,2,734,Team E,Team X,Player 189,57,40,114.89924492073075,42.05891840676735,0,0.6913961475613963,,Right Foot,Free Kick,Normal,Regular Play,False,False,True,0.0,1.0,1.7448545056011913,3.470661971245081,1.7985415689981
29,FIFA World Cup 2018,1,735,Team E,Team X,Player 391,0,53,115.822633839525,59.062205340587454,0,0.057912677175835196,,Right Foot,Open Play,Normal,From Throw In,False,True,False,1.0,2.0,3.362770120574292,2.0738251661859146,17.880000691297255
29,FIFA World Cup 2018,2,736,Team E,Team X,Player 114,70,19,104.3195566451082,52.37299828936425,0,0.03201071125189801,,Left Foot,Open Play,Normal,Regular Play,False,False,False,5.0,0.0,2.3221585922829338,1.3124168242859198,17.683125868781346
29,FIFA World Cup 2018,2,737,Team X,Team E,Player 122,91,15,103.81883150667186,44.48356760963797,0,0.09040297646026281,,Head,Open Play,Normal,Regular Play,False,True,True,1.0,1.0,4.684045761715786,4.228474064319904,12.876988055036472
29,FIFA World Cup 2018,2,738,Team X,Team E,Player 394,92,39,101.03809334140402,33.44939748973643,1,0.08761255696080983,,Left Foot,Open Play,Normal,From Counter,False,True,True,1.0,4.0,2.5830586870959604,0.85638063707585,16.845010221494682
29,FIFA World Cup 2018,1,739,Team E,Team X,Player 387,19,56,106.0668693869025,38.554664838658866,0,0.0621490269904949,,Head,Open Play,Normal,From Corner,True,False,False,3.0,0.0,1.0432728104167248,1.4109559635761033,14.512684045283724
29,FIFA World Cup 2018,2,740,Team E,Team X,Player 200,67,40,111.26748195217209,38.183683848103435,0,0.32478850862758496,,Left Foot,Open Play,Normal,From Throw In,True,False,False,1.0,0.0,0.5110119071761839,1.4351644337737504,4.191625958414045
29,FIFA World Cup 2018,2,741,Team E,Team X,Player 14,53,35,101.6367057239398,31.59327041616447,0,0.027936159923545728,,Head,Open Play,Normal,Regular Play,True,True,True,3.0,1.0,3.485875784406623,3.409561257621414,19.17709253337984
29,FIFA World Cup 2018,1,742,Team X,Team E,Player 338,12,10,100.51393343142595,12.098001051162733,0,0.011309389121048702,,Right Foot,Open Play,Normal,From Throw In,False,True,False,2.0,2.0,3.7140231075013075,1.0102576449372092,32.015300579560105
29,FIFA World Cup 2018,2,743,Team X,Team E,Player 133,76,38,101.10023350272202,52.11935187462205,0,0.05999153834647397,,Right Foot,Free Kick,Normal,From Counter,False,False,True,1.0,1.0,2.35452632493751,4.067870129184813,17.655517148253235
29,FIFA World Cup 2018,2,744,Team X,Team E,Player 156,64,32,104.3506451303499,43.941359831155175,0,0.07020048782016276,,Head,Open Play,Normal,From Throw In,True,False,False,0.0,1.0,4.885506658111145,4.089981224385031,12.08281729856914
29,FIFA World Cup 2018,2,745,Team X,Team E,Player 205,77,33,100.80189713332976,22.206231162806034,0,0.015607811080503776,,Left Foot,Open Play,Normal,From Corner,True,False,False,3.0,0.0,5.218530165179245,3.029043215737639,19.762899070110386
29,FIFA World Cup 2018,2,746,Team X,Team E,Player 74,78,6,109.846142246554,39.5530525104567,0,0.30621943626573755,,Right Foot,Open Play,Normal,From Throw In,True,False,True,0.0,1.0,0.8962786895746969,0.5307504466771797,12.089560492197352
30,UEFA Euro 2020,1,747,Team B,Team T,Player 399,9,1,107.26184140072479,33.13685480138801,0,0.19175667104591468,,Right Foot,Open Play,Normal,Regular Play,False,False,True,0.0,0.0,0.4477552491644561,2.2128520337483146,10.121444704720064
30,UEFA Euro 2020,2,748,Team B,Team T,Player 310,53,37,85.12132510512271,24.011362736230545,0,0.0028180562734241845,,Left Foot,Open Play,Normal,Regular Play,True,False,True,4.0,2.0,1.9722437774493862,3.17616913956696,36.53092559388006
30,UEFA Euro 2020,2,749,Team B,Team T,Player 312,70,30,105.7452974098443,40.93920815674196,0,0.1142916886758359,,Head,Open Play,Normal,From Corner,False,False,True,1.0,0.0,1.45299793924915,2.5290669470235545,12.47552377611399
30,UEFA Euro 2020,2,750,Team T,Team B,Player 86,75,49,111.22572671175259,39.005158383070246,0,0.10985908437275328,,Head,Open Play,Normal,Regular Play,True,False,True,4.0,2.0,1.7644658223946752,1.0426854653018383,5.164218481782546
30,UEFA Euro 2020,1,751,Team B,Team T,Player 269,6,5,105.91163706917173,45.56524240412033,0,0.08771412079702294,,Head,Open Play,Normal,Regular Play,False,False,False,1.0,1.0,3.1076989084136453,1.094585732524321,13.901490943446843
30,UEFA Euro 2020,1,752,Team B,Team T,Player 15,15,24,110.12190377762073,39.25196748236191,0,0.2563237888773027,,Head,Open Play,Normal,Regular Play,False,True,False,1.0,2.0,5.09587469484929,1.0557860389515994,8.876303596294314
30,UEFA Euro 2020,1,753,Team B,Team T,Player 205,41,7,81.60455454768486,18.061323440747834,0,0.0008534990189277172,,Head,Open Play,Normal,Regular Play,False,False,True,4.0,5.0,1.4689673245574475,1.5539239285825766,45.18478326818208
30,UEFA Euro 2020,2,754,Team T,Team B,Player 311,47,16,109.97236315212582,52.86795896561002,0,0.08951737450006977,,Right Foot,Open Play,Normal,Regular Play,False,False,True,1.0,2.0,3.9632375246610816,1.9340515960062574,16.7784022994707
30,UEFA Euro 2020,1,755,Team T,Team B,Player 74,28,23,106.81270951891413,41.264726931188534,0,0.19828208679749623,,Right Foot,Corner,Normal,Regular Play,False,False,False,1.0,1.0,4.702242273308958,3.2574270328980215,12.926063615891206
30,UEFA Euro 2020,1,756,Team B,Team T,Player 250,1,43,118.3447306462472,28.71355495049095,0,0.061759453356644754,,Right Foot,Open Play,Normal,From Goal Kick,True,False,False,3.0,0.0,4.09845014045077,1.3105690312102005,10.131836597533043
30,UEFA Euro 2020,2,757,Team B,Team T,Player 85,54,36,94.14309849331451,29.075999007603706,0,0.009293137150693222,,Head,Open Play,Normal,Regular Play,True,True,False,3.0,2.0,1.8358933016498995,2.2922005572010713,26.55961677537623
30,UEFA Euro 2020,1,758,Team B,Team T,Player 3,35,25,116.57073296900893,23.175079593092526,0,0.056058654931479275,,Right Foot,Open Play,Normal,From Free Kick,True,False,False,0.0,1.0,2.2640496478169125,3.553875205859735,14.25508938985396
30,UEFA Euro 2020,1,759,Team T,Team B,Player 270,8,23,90.19776462367744,44.812331692689135,0,0.008455824305873272,,Other,Free Kick,Normal,From Throw In,True,True,False,4.0,4.0,0.9873831822975166,4.26279257947874,28.862025490358818
30,UEFA Euro 2020,2,760,Team T,Team B,Player 197,87,5,118.3877874010859,34.00954497347631,0,0.22419469561254574,,Head,Open Play,Normal,From Corner,False,False,False,1.0,0.0,1.795408458973823,3.7676993464034267,3.9305699326919186
30,UEFA Euro 2020,2,761,Team B,Team T,Player 354,91,34,93.5162921924802,29.971527839184436,1,0.0431399798118706,,Left Foot,Open Play,Normal,From Corner,False,True,True,0.0,1.0,1.1177642489514887,1.735516053994189,25.441101102500276
30,UEFA Euro 2020,1,762,Team T,Team B,Player 32,15,49,96.44684125420729,41.62544318732471,0,0.0752855722823682,,Right Foot,Open Play,Normal,From Counter,False,True,False,1.0,1.0,1.0142289197128997,3.4675869112346343,19.00620372414842
30,UEFA Euro 2020,2,763,Team B,Team T,Player 325,65,16,114.31109123203684,53.371463605711256,1,0.07973230917985347,,Right Foot,Open Play,Normal,From Throw In,True,True,False,2.0,1.0,2.350560405919552,1.2664099508768463,11.238548195487077
30,UEFA Euro 2020,1,764,Team T,Team B,Player 114,23,48,114.0976482375039,33.1211564178322,1,0.36644675265344767,,Right Foot,Open Play,Normal,Regular Play,False,False,False,0.0,0.0,2.2918477605724386,0.5523274339835931,10.438402670119034
30,UEFA Euro 2020,2,765,Team T,Team B,Player 362,53,43,110.50568369045986,35.7290482138917,1,0.23863163102669582,,Left Foot,Open Play,Normal,From Corner,False,False,False,2.0,1.0,4.812479844506005,3.110944463359311,7.104898826605625
30,UEFA Euro 2020,2,766,Team T,Team B,Player 326,55,42,93.24820884615639,32.361099548034716,0,0.025932854587316655,,Right Foot,Open Play,Normal,From Counter,False,False,False,2.0,2.0,2.0826559656481223,1.6747590716970087,28.153565195121594
30,UEFA Euro 2020,1,767,Team B,Team T,Player 362,33,6,114.61060206920254,42.62642752738911,0,0.6171786883460392,,Right Foot,Open Play,Normal,Regular Play,False,False,False,0.0,2.0,1.5941730394864713,2.5204960002438144,2.5490369587024713
30,UEFA Euro 2020,1,768,Team B,Team T,Player 181,29,44,78.03385224377331,49.12929947662997,0,0.0023609983177898483,,Left Foot,Open Play,Normal,Regular Play,False,False,True,3.0,4.0,3.6334162915394224,2.8270670975916636,41.298532025234074
30,UEFA Euro 2020,2,769,Team B,Team T,Player 40,73,4,108.18598004043659,26.710067457507144,0,0.11276942965969779,,Right Foot,Open Play,Normal,Regular Play,False,True,False,1.0,0.0,1.843836815909296,4.826230650808416,11.768484188288332
30,UEFA Euro 2020,1,770,Team B,Team T,Player 235,33,18,94.22980552278433,42.9097776411908,0,0.045203732609655864,,Left Foot,Open Play,Normal,From Free Kick,False,False,True,0.0,1.0,2.330795576910582,2.091678794918007,24.75225812556273
30,UEFA Euro 2020,1,771,Team T,Team B,Player 29,37,59,109.69944529252348,20.880554111772902,0,0.030598025862672247,,Left Foot,Open Play,Normal,Regular Play,True,False,True,0.0,4.0,3.410185342313812,2.1049435367485314,18.82851391494755
30,UEFA Euro 2020,2,772,Team B,Team T,Player 30,89,52,106.90975631914165,42.06934467966404,0,0.24363863158830537,,Right Foot,Open Play,Normal,From Counter,False,False,True,1.0,0.0,1.457238126187052,3.286905948181708,10.576560614860382
30,UEFA Euro 2020,1,773,Team B,Team T,Player 238,20,27,102.37620285435432,49.086163872450484,0,0.12589152047914529,,Right Foot,Open Play,Normal,From Goal Kick,False,True,True,0.0,0.0,5.441241849874328,3.995637651371439,15.843544876753766
30,UEFA Euro 2020,2,774,Team T,Team B,Player 86,79,54,109.17122505322365,21.771468493108724,1,0.07087319923298693,,Right Foot,Open Play,Normal,Regular Play,False,True,True,0.0,2.0,1.364596074965058,4.171192778170675,17.805757485748913
